titulo,ubicacion,precio,Superficie,Habitaciones,Baños,Planta,Conservacion,Gastos de Comunidad,Amueblado,Balcon,Ascensor,Calefaccion,Garaje,Terraza,Trastero
Piso en venta en Calle de Rosalía de Castro,Vigo,284000,126,3.0,2.0,Muchos_pisos,Reformado,0,1,0,1,Colectiva,1,1,0
"Piso en venta en Avenida de Balaidos, 13, cerca de Camino de Espedrigada",Vigo,196000,115,3.0,2.0,Primeros_pisos,A estrenar,50,1,0,0,Renovable,0,0,0
Piso en venta en Centro,Vilagarcía,220000,122,3.0,2.0,Desconocido,En buen estado,0,0,0,1,No especifica,0,0,1
"Apartamento en venta en Rúa Cuba, 2",Baiona,229000,78,2.0,2.0,Primeros_pisos,En buen estado,50,1,0,1,Gas,1,0,0
"Piso en venta en Paseo de la Praia de Silgar, 64, cerca de Rúa Vigo",Sanxenxo,235000,62,2.0,2.0,Muchos_pisos,Reformado,0,1,0,1,No especifica,1,1,0
Piso en venta en Calle de Benito Corbal,Pontevedra,260900,155,4.0,2.0,Primeros_pisos,A reformar,50,1,1,1,Colectiva,1,0,0
"Apartamento en venta en Avenida de Lugo, 5, cerca de Calle de Faustino Santalices",Pontevedra,150000,82,2.0,1.0,Desconocido,En buen estado,0,1,0,1,Colectiva,0,1,1
"Piso en venta en Calle de Caracas, 8",Vigo,270000,100,3.0,2.0,Primeros_pisos,En buen estado,0,1,0,1,Colectiva,0,1,1
Piso en venta en Barro,Barro,132000,106,3.0,2.0,Primeros_pisos,En buen estado,65,1,0,0,Electrica,1,0,1
Piso en venta en Calle de Rua Cela,Cangas,145000,60,2.0,1.0,Desconocido,En buen estado,36,1,0,1,Electrica,1,1,0
Piso en venta en Calle Revolta Noalla,Sanxenxo,126000,51,1.0,1.0,Primeros_pisos,En buen estado,0,1,0,1,Electrica,1,1,0
Apartamento en venta en Rúa Vigo,Sanxenxo,160000,50,1.0,1.0,Muchos_pisos,En buen estado,0,1,1,1,Gas,0,0,0
Apartamento en venta en Casco Vello,Vigo,760000,202,3.0,4.0,Desconocido,En buen estado,0,0,0,0,No especifica,0,0,0
Piso en venta en Calle de la Virgen del Camino,Pontevedra,210000,81,2.0,1.0,Primeros_pisos,En buen estado,0,0,0,1,Gas,1,0,0
Piso en venta en Calle de la Historia,Pontevedra,345000,110,4.0,2.0,Primeros_pisos,En buen estado,50,1,0,1,Gas,1,0,0
Piso en venta en Vilariño,Cangas,155000,72,2.0,1.0,Primeros_pisos,En buen estado,50,1,1,1,Electrica,1,1,0
Piso en venta en Pasaxe de San Bartolomeu,Pontevedra,150000,85,3.0,1.0,Muchos_pisos,En buen estado,0,1,0,0,Colectiva,0,0,1
Piso en venta en Plaza España,Vigo,130000,85,3.0,1.0,Bajo,En buen estado,0,1,0,0,No especifica,0,0,0
Piso en venta en Teis,Vigo,200000,130,3.0,2.0,Primeros_pisos,En buen estado,70,1,0,1,Gas,1,0,0
Apartamento en venta en Rodeira,Cangas,90000,45,1.0,1.0,Muchos_pisos,En buen estado,0,0,0,1,No especifica,0,0,0
Piso en venta en Paseo de Silgar,Sanxenxo,235000,71,2.0,2.0,Muchos_pisos,En buen estado,50,1,1,1,Electrica,1,1,0
Piso en venta en Castrelos,Vigo,670000,400,3.0,3.0,Muchos_pisos,En buen estado,0,1,1,1,Electrica,0,1,0
Piso en venta en Calle de Luis Taboada,Vigo,617000,174,5.0,2.0,Muchos_pisos,En buen estado,216,1,0,0,Colectiva,1,0,0
Piso en venta en Puxeiros,Mos,135000,80,2.0,2.0,Primeros_pisos,En buen estado,50,1,0,1,No especifica,1,0,0
Piso en venta en Sanxenxo Playa,Sanxenxo,180000,62,2.0,1.0,Primeros_pisos,En buen estado,0,1,0,1,Gas,0,0,1
Piso en venta en Calle de Eduardo Pondal,Vilagarcía,115000,78,2.0,2.0,Bajo,A estrenar,50,1,0,0,No especifica,1,1,0
Piso en venta en Calle de San Salvador,Vigo,298000,167,4.0,3.0,Muchos_pisos,En buen estado,144,1,1,1,Gas,1,1,1
Piso en venta en Sanxenxo,Sanxenxo,269000,117,2.0,2.0,Primeros_pisos,En buen estado,0,1,0,1,No especifica,1,0,0
Piso en venta en Calle Marcelina Panete,Vigo,210000,110,3.0,2.0,Muchos_pisos,En buen estado,59,1,0,1,Gas,1,0,0
"Piso en venta en Calle de Venezuela, cerca de Calle de Celso Emilio Ferreiro",Vigo,455000,160,4.0,3.0,Muchos_pisos,En buen estado,260,1,0,1,Colectiva,1,1,1
"Piso en venta en Paseo de la Praia de Silgar, cerca de Calle Camelios",Sanxenxo,225000,73,2.0,1.0,Desconocido,En buen estado,0,1,0,1,No especifica,0,1,0
"Piso en venta en Calle de Victoriano Pérez Vidal, 28",Salceda,116500,85,3.0,2.0,Muchos_pisos,En buen estado,0,1,0,0,No especifica,0,0,0
Piso en venta en Centro,Vilagarcía,115000,129,4.0,2.0,Primeros_pisos,En buen estado,50,0,0,0,Gas,0,0,0
"Piso en venta en Calle de Urzáiz, 109, cerca de Calle de Pizarro",Vigo,105000,115,4.0,1.0,Primeros_pisos,En buen estado,0,0,1,0,No especifica,0,0,0
Piso en venta en Vigo,Vigo,225000,100,3.0,2.0,Muchos_pisos,En buen estado,60,1,1,0,Gas,0,0,1
Piso en venta en Sanxenxo,Sanxenxo,195000,70,2.0,2.0,Desconocido,En buen estado,0,1,0,1,No especifica,0,0,1
Piso en venta en Povisa,Vigo,285000,91,3.0,2.0,Bajo,En buen estado,0,0,0,0,No especifica,1,0,0
"Piso en venta en Avenida de la Gran Vía, cerca de Calle de Paraguay",Vigo,320000,140,4.0,2.0,Primeros_pisos,En buen estado,150,1,1,1,Gas,1,0,0
Apartamento en venta en Medico Ballina,Pontevedra,126000,67,2.0,1.0,Primeros_pisos,En buen estado,30,1,0,1,Gas,1,0,0
Piso en venta en Castrelos-Balaídos-Miñoca,Vigo,218000,100,3.0,2.0,Muchos_pisos,En buen estado,70,1,0,0,Gas,1,0,0
"Piso en venta en Avenida de Balaidos, cerca de Camino de Espedrigada",Vigo,196000,100,3.0,2.0,Primeros_pisos,A estrenar,50,1,0,1,No especifica,1,0,0
Piso en venta en Vilagarcía de Arousa,Vilagarcía,140000,130,4.0,2.0,Muchos_pisos,En buen estado,55,1,0,1,Colectiva,1,1,0
Piso en venta en Vilagarcía de Arousa,Vilagarcía,133000,70,2.0,1.0,Primeros_pisos,En buen estado,0,1,0,1,Gas,1,0,0
Piso en venta en Sanxenxo,Sanxenxo,230000,94,2.0,2.0,Bajo,En buen estado,0,1,0,0,No especifica,1,1,0
"Piso en venta en Calle de Tomás Alonso, cerca de Calle de Ramón Soler",Vigo,180000,95,4.0,2.0,Primeros_pisos,Reformado,70,1,0,1,Electrica,0,0,0
Piso en venta en Avenida de Balaidos,Vigo,196000,100,3.0,2.0,Primeros_pisos,En buen estado,50,1,0,1,No especifica,0,0,0
Piso en venta en Casablanca-Corte Inglés,Vigo,380000,110,3.0,2.0,Muchos_pisos,A estrenar,0,1,0,1,Gas,0,0,0
Piso en venta en Avenida de Rosalía de Castro,Ponteareas,129000,105,3.0,2.0,Muchos_pisos,En buen estado,50,1,1,1,Gas,1,0,0
Piso en venta en Alcabre-Navia-Samil,Vigo,270000,102,3.0,2.0,Muchos_pisos,En buen estado,0,1,0,1,Gas,1,0,0
Piso en venta en Alameda,Pontevedra,350000,135,3.0,2.0,Primeros_pisos,En buen estado,0,1,0,1,Electrica,1,0,1
Piso en venta en Avda. de Castelao,Vigo,130000,42,1.0,1.0,Bajo,En buen estado,0,1,0,0,No especifica,0,0,1
Piso en venta en Plaza de Galicia,Pontevedra,350000,150,4.0,3.0,Muchos_pisos,En buen estado,0,1,0,1,Gas,1,0,0
Piso en venta en Calle del Trovador Xoán García de Guillade,Ponteareas,94000,100,3.0,2.0,Primeros_pisos,En buen estado,50,1,1,0,Electrica,1,0,0
"Piso en venta en Calle Lg Monte [O]-Caldelas, nº 21",Tui,60000,79,3.0,1.0,Bajo,En buen estado,0,1,0,0,Gas,1,0,0
Piso en venta en Rúa de Lugo,Salceda,106320,98,2.0,2.0,Primeros_pisos,En buen estado,0,1,1,1,Gas,1,1,0
Piso en venta en Calle Rúa As Mimosas,Ponteareas,119600,93,3.0,2.0,Muchos_pisos,En buen estado,0,1,0,1,Gas,1,0,0
Piso en venta en Avda. de Camelias,Vigo,214000,100,4.0,2.0,Bajo,En buen estado,0,1,0,0,No especifica,1,1,0
Piso en venta en Calle del Arenal,Vigo,265000,141,4.0,2.0,Primeros_pisos,Reformado,130,0,0,1,No especifica,0,0,1
Piso en venta en Calle del Xogo de la Ola,Porriño,99000,100,3.0,2.0,Primeros_pisos,En buen estado,50,0,0,0,No especifica,1,1,0
Piso en venta en Carretera de Redondela,Vigo,155000,61,2.0,2.0,Primeros_pisos,A estrenar,0,1,0,1,Gas,1,0,0
Piso en venta en Castrelos-Balaídos-Miñoca,Vigo,193000,80,3.0,2.0,Muchos_pisos,En buen estado,70,1,0,0,Gas,1,0,0
"Piso en venta en Calle Progreso, cerca de Calle Sanxenxo",Sanxenxo,124600,86,1.0,1.0,Primeros_pisos,En buen estado,0,0,0,0,No especifica,1,0,0
Piso en venta en Rúa do Miradoiro,Vigo,320000,123,4.0,2.0,Primeros_pisos,En buen estado,70,1,0,1,Gas,1,1,1
"Piso en venta en Calle Lugar Monte-Caldelas, nº 21",Tui,60000,75,3.0,1.0,Desconocido,En buen estado,0,1,0,0,No especifica,1,0,0
Piso en venta en Traviesas,Vigo,320000,140,4.0,2.0,Bajo,En buen estado,0,1,1,1,No especifica,0,0,1
"Piso en venta en Calle de Urzáiz, cerca de Calle de Magallanes",Vigo,395000,157,4.0,3.0,Muchos_pisos,En buen estado,145,1,0,1,Colectiva,0,0,0
"Piso en venta en Avenida de la Florida, cerca de Calle de Manuel de Castro",Vigo,230000,107,4.0,2.0,Primeros_pisos,En buen estado,0,0,0,1,Electrica,1,0,0
"Apartamento en venta en Avenida de Médico Ballina, cerca de Rúa Médico Ballina",Pontevedra,132500,93,2.0,2.0,Muchos_pisos,En buen estado,0,1,0,1,Colectiva,1,1,0
"Piso en venta en Calle de Tomás Alonso, cerca de Camino del Chouzo",Vigo,181500,93,4.0,2.0,Primeros_pisos,Reformado,0,1,0,1,Electrica,0,0,0
"Piso en venta en Calle de Ecuador, cerca de Calle Cuba",Vigo,380000,114,3.0,3.0,Muchos_pisos,En buen estado,0,0,0,1,Gas,0,0,1
Piso en venta en Avenida de Buenos Aires,Porriño,148000,92,3.0,1.0,Primeros_pisos,En buen estado,0,1,0,1,Electrica,1,0,0
Piso en venta en Calle de la Paz,Vigo,330000,361,3.0,2.0,Primeros_pisos,En buen estado,0,1,0,1,No especifica,1,1,0
"Piso en venta en Avenida de Balaidos, cerca de Camino de Espedrigada",Vigo,196000,90,3.0,2.0,Primeros_pisos,A estrenar,0,1,0,1,No especifica,1,0,0
Piso en venta en Moraña,Moraña,64600,51,1.0,1.0,Primeros_pisos,En buen estado,0,0,0,0,No especifica,0,0,0
"Piso en venta en Calle de Juan Bautista Andrade, cerca de Calle de la Torre",Pontevedra,110000,90,3.0,2.0,Muchos_pisos,En buen estado,30,1,0,0,Colectiva,0,0,1
Piso en venta en Calle Santo Antoniño,Barro,85000,55,2.0,1.0,Primeros_pisos,En buen estado,0,1,0,1,No especifica,1,0,0
Piso en venta en Rúa Cuba,Baiona,230000,78,2.0,2.0,Primeros_pisos,En buen estado,50,1,0,1,Gas,1,1,0
"Piso en venta en Avenida de Balaidos, 13, cerca de Camino de Espedrigada",Vigo,196000,115,3.0,2.0,Primeros_pisos,A estrenar,50,1,0,1,No especifica,0,1,1
Piso en venta en Avenida Peinador,Mos,155000,91,3.0,2.0,Primeros_pisos,En buen estado,70,1,0,1,No especifica,1,0,0
Piso en venta en Calle Sauce,Ponteareas,100000,120,4.0,2.0,Desconocido,En buen estado,90,1,0,0,Gas,1,0,0
"Piso en venta en Calle del Fotógrafo Xosé Gil, 24",Vigo,250000,92,3.0,3.0,Primeros_pisos,En buen estado,90,1,0,1,Gas,1,0,0
Piso en venta en Calle de los Castiñeiros,Sanxenxo,210000,70,2.0,2.0,Desconocido,En buen estado,0,0,0,0,No especifica,0,0,0
"Piso en venta en Avenida de Uruguai, 33",Pontevedra,285000,119,3.0,2.0,Desconocido,En buen estado,0,0,0,1,No especifica,1,0,0
Piso en venta en Avenida de Manuel del Palacio,Pontevedra,238000,119,4.0,2.0,Muchos_pisos,En buen estado,0,0,0,1,Colectiva,0,1,0
Piso en venta en Calle del Muiño,Redondela,129000,70,3.0,1.0,Primeros_pisos,En buen estado,50,1,0,1,Electrica,1,0,0
"Piso en venta en Calle de Bolivia, 47",Vigo,175000,81,2.0,1.0,Primeros_pisos,En buen estado,100,0,0,0,Colectiva,0,0,0
"Apartamento en venta en Avenida de Lugo, 5, cerca de Calle de Faustino Santalices",Pontevedra,190000,90,2.0,2.0,Primeros_pisos,En buen estado,0,1,0,1,Colectiva,0,0,1
Piso en venta en Calle Senen Sobral,Marín,195000,280,7.0,3.0,Bajo,En buen estado,0,1,0,0,No especifica,1,0,0
"Piso en venta en Avenida das Camelias, cerca de Rúa Sergio Saborido Cid",Vigo,175000,102,3.0,2.0,Desconocido,A reformar,70,0,0,1,No especifica,0,0,0
Piso en venta en Calle de la Devesa Santa Tegra,Vigo,95000,80,2.0,1.0,Primeros_pisos,A reformar,0,1,0,0,No especifica,0,0,0
Piso en venta en Calle del Trovador Xoán García de Guillade,Ponteareas,90000,100,3.0,2.0,Muchos_pisos,En buen estado,0,1,0,1,Colectiva,0,0,0
"Piso en venta en Calle de Urzáiz, cerca de Calle de María Berdiales",Vigo,285000,127,3.0,2.0,Muchos_pisos,En buen estado,52,1,0,1,Electrica,0,0,0
Piso en venta en Calle del Carrizo,Vigo,189000,95,3.0,2.0,Primeros_pisos,En buen estado,0,1,0,1,Colectiva,0,0,1
"Piso en venta en Calle de García Olloqui, 3",Vigo,589000,120,2.0,2.0,Muchos_pisos,A estrenar,0,1,0,1,Electrica,1,0,0
Piso en venta en Calle del Arenal,Vigo,237000,80,2.0,1.0,Muchos_pisos,Reformado,50,1,0,1,No especifica,0,1,1
Piso en venta en Calle de María Auxiliadora,Vigo,265000,84,2.0,1.0,Muchos_pisos,En buen estado,0,1,0,1,No especifica,0,0,1
Piso en venta en Calle Xan Xose,Pontevedra,660000,220,4.0,3.0,Primeros_pisos,En buen estado,0,1,0,1,Colectiva,1,1,0
"Piso en venta en Calle de Victoriano Pérez Vidal, 44",Salceda,97000,166,3.0,2.0,Primeros_pisos,En buen estado,0,1,1,0,Electrica,0,1,0
"Piso en venta en Avenida de Cambados, cerca de Calle de Bouza de Abajo",Vilagarcía,180000,112,3.0,2.0,Muchos_pisos,En buen estado,0,1,0,0,Gas,1,0,0
Piso en venta en Calle Po-400,Salvaterra,139000,120,3.0,2.0,Muchos_pisos,En buen estado,0,1,0,0,Colectiva,0,0,0
Piso en venta en Avenida de Buenos Aires,Porriño,129000,89,2.0,1.0,Muchos_pisos,En buen estado,50,1,0,1,Gas,1,1,0
Piso en venta en Ramon Nieto,Vigo,99500,80,2.0,1.0,Primeros_pisos,En buen estado,30,1,0,0,No especifica,0,0,0
"Piso en venta en Avenida de Joselín, 6",Baiona,300000,107,4.0,2.0,Muchos_pisos,En buen estado,70,1,1,1,No especifica,1,0,0
Apartamento en venta en Calle de Pedaporta,Poio,170000,97,2.0,2.0,Muchos_pisos,En buen estado,0,1,0,1,No especifica,0,0,1
Piso en venta en Avenida de Manuel del Palacio,Pontevedra,119500,80,2.0,1.0,Muchos_pisos,En buen estado,0,0,0,0,No especifica,0,1,0
Piso en venta en Calle Rua Dos Carballos,Ponteareas,117500,100,3.0,2.0,Muchos_pisos,En buen estado,50,1,1,1,Electrica,1,1,0
"Piso en venta en Avenida de Castelao, 9",Pontevedra,145000,72,2.0,2.0,Primeros_pisos,En buen estado,0,1,0,0,Gas,0,0,0
Piso en venta en Calle Rúa Das Gándaras,Salceda,95000,68,2.0,1.0,Primeros_pisos,En buen estado,56,1,0,0,Electrica,1,0,0
"Piso en venta en Estrada das Sinas, 10",Vilanova,146000,102,3.0,1.0,Primeros_pisos,En buen estado,0,1,1,0,Electrica,0,0,1
"Piso en venta en Calle Jaime Janer, 171, cerca de Calle San Pedro",Marín,128200,120,2.0,2.0,Muchos_pisos,En buen estado,0,1,0,1,No especifica,0,0,1
"Piso en venta en Travesía de Vigo, cerca de Calle Vía Norte",Vigo,190000,120,4.0,1.0,Desconocido,En buen estado,50,0,0,1,No especifica,1,1,0
"Piso en venta en Calle Aragón, cerca de Calle de Redomeira",Vigo,170000,87,2.0,1.0,Primeros_pisos,En buen estado,20,1,1,0,Electrica,0,0,1
Piso en venta en Torrecedeira,Vigo,220000,112,3.0,1.0,Muchos_pisos,En buen estado,0,0,0,1,No especifica,0,1,0
"Piso en venta en Calle Pintor Maxide, nº 4",Cambados,150000,100,3.0,2.0,Bajo,A estrenar,0,1,1,1,Electrica,1,1,0
Piso en venta en Calle de Ecuador,Vigo,250000,110,2.0,2.0,Muchos_pisos,En buen estado,60,1,1,1,Gas,0,0,0
"Piso en venta en Rúa de Naval, 20",Arousa,120000,50,1.0,1.0,Primeros_pisos,En buen estado,0,1,0,1,Electrica,1,0,0
"Piso en venta en Calle Aragón, cerca de Calle San Juan",Vigo,155000,50,1.0,1.0,Primeros_pisos,En buen estado,50,1,0,1,No especifica,1,1,0
Piso en venta en Calle de la Condesa de la Casa Barcena,Vigo,280000,120,3.0,2.0,Primeros_pisos,En buen estado,110,1,1,1,Electrica,1,1,0
Piso en venta en Pontevedra,Pontevedra,235000,112,3.0,2.0,Primeros_pisos,En buen estado,0,0,0,0,Gas,1,1,0
"Piso en venta en Calle Cayoffa, Tenerife",Estrada,210000,85,2.0,1.0,Bajo,A estrenar,0,1,1,0,No especifica,1,1,0
Apartamento en venta en Campelo,Poio,149000,112,2.0,2.0,Primeros_pisos,En buen estado,0,0,0,1,Gas,1,0,0
Piso en venta en Calle Otero Pedrayo,Lalín,80000,104,3.0,2.0,Desconocido,En buen estado,0,1,0,1,No especifica,0,1,0
Piso en venta en Centro,Vilagarcía,220000,122,3.0,2.0,Primeros_pisos,En buen estado,70,1,1,1,No especifica,0,0,1
Piso en venta en Calle Kayrel,Bueu,170000,128,2.0,2.0,Primeros_pisos,En buen estado,30,1,0,1,Gas,1,0,0
"Piso en venta en Calle 5º Transversal Oliva, nº 5",Guarda,65000,109,3.0,2.0,Desconocido,A reformar,30,0,1,0,No especifica,0,0,0
Piso en venta en Guarda (A),Guarda,104000,72,2.0,1.0,Muchos_pisos,En buen estado,35,0,0,1,No especifica,0,0,0
"Piso en venta en Calle de la Estación, 15",Pontevedra,245000,144,3.0,2.0,Desconocido,En buen estado,15,1,0,0,No especifica,0,0,0
Piso en venta en Castrelos-Balaídos-Miñoca,Vigo,196000,115,3.0,2.0,Desconocido,En buen estado,60,1,0,1,Electrica,0,0,0
Piso en venta en Pasarón,Pontevedra,185000,101,3.0,2.0,Muchos_pisos,En buen estado,50,1,1,0,No especifica,1,0,0
Piso en venta en Calle del Couso,Rosal,110000,85,3.0,2.0,Primeros_pisos,En buen estado,35,1,1,1,Electrica,1,0,0
Piso en venta en Calle de Blanco Amor,Vilagarcía,155000,100,3.0,2.0,Primeros_pisos,En buen estado,63,1,0,1,No especifica,1,1,0
Piso en venta en Lalín,Lalín,64000,83,3.0,1.0,Primeros_pisos,En buen estado,0,1,1,1,No especifica,0,0,1
Piso en venta en Casablanca-Corte Inglés,Vigo,365000,95,3.0,2.0,Primeros_pisos,En buen estado,110,1,0,0,Gas,1,0,0
Apartamento en venta en Arenal-Centro,Vigo,165000,35,1.0,1.0,Muchos_pisos,En buen estado,45,1,0,1,Gas,0,0,0
"Piso en venta en Calle de la República Argentina, 6",Vigo,197900,80,2.0,2.0,Muchos_pisos,En buen estado,100,1,1,1,Colectiva,1,0,0
"Piso en venta en Avenida de Fragoso, cerca de Avenida de Balaidos",Vigo,165000,116,4.0,2.0,Muchos_pisos,En buen estado,126,1,1,1,Colectiva,0,0,1
Piso en venta en A Salgueira-O Castaño,Vigo,399000,233,7.0,4.0,Muchos_pisos,Reformado,70,1,0,1,Gas,1,1,0
"Piso en venta en Calle B, cerca de Rúa Pintor Laxeiro",Lalín,66000,71,2.0,1.0,Muchos_pisos,En buen estado,0,0,0,1,No especifica,0,0,0
Piso en venta en Salvaterra de Miño,Salvaterra,107000,74,2.0,2.0,Muchos_pisos,En buen estado,0,1,0,1,Gas,1,0,0
Piso en venta en Guarda (A),Guarda,165000,73,2.0,1.0,Primeros_pisos,En buen estado,36,1,1,1,Electrica,1,0,0
Piso en venta en Avenida del Outeiro,Poio,160000,96,3.0,2.0,Muchos_pisos,En buen estado,0,1,0,1,No especifica,1,0,0
Piso en venta en Calle Lugar Revel,Sanxenxo,155000,96,3.0,2.0,Primeros_pisos,En buen estado,0,1,1,1,No especifica,1,0,0
Piso en venta en Paseo de la Praia de Silgar,Sanxenxo,340000,131,4.0,2.0,Primeros_pisos,En buen estado,0,1,1,1,No especifica,1,1,0
Apartamento en venta en Mondariz-Balneario,Mondariz-Balneario,75000,50,1.0,1.0,Desconocido,En buen estado,0,1,0,1,Gas,1,0,0
Piso en venta en Calle Progreso,Sanxenxo,235000,86,2.0,2.0,Desconocido,En buen estado,0,1,1,1,No especifica,1,1,0
Piso en venta en Carretera Gondar,Sanxenxo,85000,45,1.0,1.0,Primeros_pisos,En buen estado,0,1,0,1,No especifica,1,0,0
"Piso en venta en Avenida de Vigo, cerca de Calle del Veintisiete",Estrada,115000,93,3.0,2.0,Desconocido,En buen estado,0,0,0,0,No especifica,0,0,0
Piso en venta en Rúa Vigo,Sanxenxo,285000,100,3.0,2.0,Muchos_pisos,En buen estado,0,1,0,1,No especifica,1,1,0
Piso en venta en Rúa Vigo,Sanxenxo,215000,80,2.0,2.0,Primeros_pisos,En buen estado,0,1,0,1,No especifica,1,0,0
Piso en venta en Rúa Río Valiejos,Sanxenxo,345000,87,2.0,2.0,Primeros_pisos,En buen estado,70,1,1,1,No especifica,1,1,0
"Apartamento en venta en Avenida de Luis Rocafort, 33",Sanxenxo,240000,71,2.0,2.0,Primeros_pisos,En buen estado,0,0,0,0,No especifica,0,0,0
"Piso en venta en Avenida de Benito Vigo, cerca de Calle de Serafín Pazo",Estrada,150000,138,3.0,2.0,Desconocido,En buen estado,0,0,0,0,No especifica,0,0,0
Piso en venta en Carretera de la Circunvalación,Sanxenxo,149000,45,1.0,1.0,Primeros_pisos,En buen estado,0,1,0,1,No especifica,1,1,0
"Apartamento en venta en Avenida de Luis Rocafort, 22",Sanxenxo,270000,72,2.0,2.0,Primeros_pisos,En buen estado,0,0,0,0,No especifica,0,0,0
Piso en venta en Mondariz,Mondariz,100000,89,3.0,2.0,Primeros_pisos,En buen estado,0,1,0,0,Electrica,1,0,1
"Piso en venta en Calle de Calvo Sotelo, cerca de Calle Irida",Estrada,180000,75,2.0,1.0,Primeros_pisos,En buen estado,0,1,0,0,No especifica,0,1,0
Piso en venta en Mondariz,Mondariz,60000,60,2.0,1.0,Muchos_pisos,En buen estado,20,1,0,0,Gas,1,0,0
Piso en venta en Calle Fonte de Ons - Revolta,Sanxenxo,124000,53,1.0,1.0,Muchos_pisos,En buen estado,30,1,0,1,No especifica,1,0,0
"Apartamento en venta en Calle de Ourense, 18",Sanxenxo,180000,65,2.0,1.0,Muchos_pisos,En buen estado,0,0,0,0,No especifica,0,0,0
"Apartamento en venta en Avenida de Luis Rocafort, 41",Sanxenxo,220000,94,2.0,2.0,Primeros_pisos,En buen estado,0,0,0,0,No especifica,0,0,0
Piso en venta en Calle de Antón Losada Diéguez,Estrada,100000,116,3.0,2.0,Muchos_pisos,En buen estado,0,0,0,0,No especifica,0,0,0
"Apartamento en venta en Calle de Ourense, 16",Sanxenxo,225000,75,2.0,1.0,Muchos_pisos,En buen estado,0,0,0,0,No especifica,0,0,0
Piso en venta en Calle Pedra de Auga,Ponteareas,90000,100,3.0,2.0,Desconocido,En buen estado,0,1,0,0,Electrica,1,1,1
"Piso en venta en Avenida de Pontevedra, cerca de Avenida de Marín",Estrada,130000,140,3.0,2.0,Primeros_pisos,En buen estado,0,0,0,0,No especifica,0,0,0
Piso en venta en Calle de Madrid,Sanxenxo,240000,80,2.0,2.0,Muchos_pisos,A estrenar,30,1,0,1,Electrica,1,1,0
Apartamento en venta en Rúa Vigo,Sanxenxo,250000,69,2.0,1.0,Muchos_pisos,En buen estado,0,0,0,0,No especifica,0,0,0
Piso en venta en Calle Plaza Aurelio Lores,Sanxenxo,175000,93,3.0,2.0,Muchos_pisos,A estrenar,0,1,0,1,Gas,0,1,0
Piso en venta en Calle dos Poetas Galegos,Sanxenxo,240000,128,3.0,2.0,Primeros_pisos,En buen estado,0,0,0,0,No especifica,0,0,0
"Piso en venta en Calle de Serafín Pazo, cerca de Avenida de Benito Vigo",Estrada,145000,87,2.0,1.0,Primeros_pisos,En buen estado,0,0,0,0,Gas,1,0,0
Piso en venta en Calle de Miraflores,Sanxenxo,200000,80,2.0,2.0,Primeros_pisos,En buen estado,50,1,1,1,Gas,1,0,0
"Piso en venta en Calle Progreso, cerca de Calle de Ourense",Sanxenxo,235000,79,2.0,2.0,Primeros_pisos,En buen estado,40,1,0,1,No especifica,1,1,0
"Piso en venta en Avenida de Pontevedra, cerca de Avenida de Marín",Estrada,145000,119,3.0,2.0,Muchos_pisos,En buen estado,0,1,0,0,No especifica,0,0,0
Piso en venta en Mondariz,Mondariz,115000,90,3.0,2.0,Desconocido,A estrenar,50,1,1,1,Electrica,1,0,0
Piso en venta en Calle de Miraflores,Sanxenxo,200000,85,2.0,2.0,Primeros_pisos,En buen estado,30,1,0,1,Gas,1,0,0
Piso en venta en Catoira,Catoira,118000,114,3.0,2.0,Primeros_pisos,En buen estado,40,0,0,1,Gas,0,0,0
Piso en venta en Calle de Ulla,Estrada,51500,75,3.0,2.0,Desconocido,En buen estado,0,0,0,0,No especifica,0,0,0
Piso en venta en Calle de Iglesias Vilarelle,Pontevedra,205000,105,4.0,2.0,Primeros_pisos,En buen estado,0,1,0,1,Colectiva,0,1,1
Piso en venta en Calle de Bolivia,Vigo,239500,92,3.0,2.0,Muchos_pisos,A reformar,115,0,0,1,Colectiva,1,0,0
"Piso en venta en Calle Progreso, cerca de Calle de Ourense",Sanxenxo,275000,118,3.0,2.0,Desconocido,En buen estado,0,1,0,1,No especifica,0,1,1
Piso en venta en Calle de Rosalía de Castro,Sanxenxo,375000,101,3.0,2.0,Muchos_pisos,En buen estado,0,1,0,1,No especifica,0,1,1
"Piso en venta en Calle de Rosalía de Castro, 11",Sanxenxo,299000,110,4.0,2.0,Primeros_pisos,En buen estado,0,0,0,0,No especifica,0,0,0
Piso en venta en Calle de Anduriña,Vigo,160000,91,3.0,1.0,Muchos_pisos,En buen estado,30,0,1,1,Electrica,1,0,0
Piso en venta en Avenida de Fermín Bouza Brey,Ponteareas,95000,115,3.0,2.0,Desconocido,En buen estado,50,1,0,1,Gas,0,1,1
Piso en venta en Calle de Ourense,Sanxenxo,315000,120,3.0,2.0,Muchos_pisos,En buen estado,0,1,0,1,No especifica,0,1,1
Piso en venta en Calle de las Camelias,Ponteareas,130000,101,3.0,2.0,Desconocido,En buen estado,50,1,0,1,No especifica,1,0,0
Apartamento en venta en Casablanca-Calvario,Vigo,750000,157,4.0,3.0,Desconocido,En buen estado,0,0,0,1,No especifica,0,0,0
Piso en venta en Plaza Campo da Feira,Estrada,90000,75,2.0,1.0,Primeros_pisos,A estrenar,0,0,0,1,Gas,1,0,0
Apartamento en venta en Centro-Areal,Vigo,560000,120,3.0,2.0,Desconocido,En buen estado,0,0,0,0,No especifica,0,0,0
Piso en venta en Mondariz,Mondariz,100000,95,3.0,2.0,Primeros_pisos,En buen estado,50,1,1,0,No especifica,1,0,1
"Piso en venta en Calle Progreso, cerca de Calle de los Castiñeiros",Sanxenxo,148000,80,3.0,2.0,Primeros_pisos,A reformar,0,1,0,0,No especifica,0,1,0
"Piso en venta en Calle de Gonzalo Gallas, 8",Pontevedra,170000,114,3.0,1.0,Muchos_pisos,En buen estado,0,1,0,1,Colectiva,0,0,0
"Apartamento en venta en Rúa David Cal, 15",Cangas,230000,100,3.0,1.0,Primeros_pisos,A estrenar,0,0,0,0,Electrica,0,1,0
Piso en venta en Plaza de la Herreria,Pontevedra,220000,114,5.0,2.0,Primeros_pisos,En buen estado,0,1,0,1,No especifica,0,0,0
Piso en venta en Mondariz-Balneario,Mondariz-Balneario,125000,65,2.0,2.0,Primeros_pisos,En buen estado,0,1,0,1,Gas,1,0,0
"Piso en venta en Avenida del Conde de Gondomar, 19",Gondomar,110000,36,1.0,1.0,Muchos_pisos,En buen estado,0,1,0,1,Gas,0,0,0
"Piso en venta en Calle de Calvo Sotelo, cerca de Travesía Primeira de Justo Martínez",Estrada,165000,151,4.0,2.0,Muchos_pisos,En buen estado,0,0,0,1,No especifica,0,0,0
Apartamento en venta en Calle de Madrid,Sanxenxo,360000,74,2.0,2.0,Desconocido,En buen estado,0,0,0,0,No especifica,0,0,0
Piso en venta en Rúa Vigo,Sanxenxo,175000,38,1.0,1.0,Muchos_pisos,En buen estado,22,1,0,1,No especifica,1,0,0
"Apartamento en venta en Avenida de Vigo, cerca de Avenida de Moaña",Cangas,153000,82,2.0,1.0,Primeros_pisos,En buen estado,0,1,0,0,Electrica,1,0,0
Piso en venta en Calle de la Paz,Vigo,298000,103,3.0,2.0,Primeros_pisos,En buen estado,0,1,0,1,Colectiva,0,1,0
Apartamento en venta en Mondariz-Balneario,Mondariz-Balneario,175000,52,1.0,1.0,Muchos_pisos,En buen estado,0,1,0,0,No especifica,1,0,0
"Piso en venta en Avenida de la Gran Vía, cerca de Calle del Doctor González Sierra",Vigo,345000,183,5.0,2.0,Muchos_pisos,Reformado,100,1,0,1,Colectiva,0,0,0
"Apartamento en venta en Avenida de Luis Rocafort, 2",Sanxenxo,405000,86,2.0,2.0,Primeros_pisos,En buen estado,0,0,0,0,No especifica,0,0,0
Piso en venta en Avenida de Pontevedra,Estrada,135000,105,4.0,2.0,Desconocido,En buen estado,0,0,0,0,No especifica,0,0,0
Apartamento en venta en Praza España-Zona Corte Inglés,Vigo,530000,226,4.0,3.0,Desconocido,En buen estado,0,0,0,1,No especifica,0,0,0
Piso en venta en Calle de Fernando II,Pontevedra,205000,90,2.0,2.0,Muchos_pisos,En buen estado,50,1,0,1,Gas,1,1,0
Piso en venta en Calle de la Redondela,Cangas,200000,140,3.0,2.0,Primeros_pisos,En buen estado,0,0,0,1,Electrica,1,0,0
"Apartamento en venta en Avenida de Lugo, 5, cerca de Calle de Faustino Santalices",Pontevedra,180000,89,2.0,2.0,Primeros_pisos,En buen estado,0,1,0,1,Colectiva,0,1,1
Piso en venta en Grupo San Paio,Estrada,162000,95,3.0,2.0,Muchos_pisos,En buen estado,0,1,0,1,Gas,1,0,0
Piso en venta en Calle Piso en Av. Benito Vigo A Estrada,Estrada,73000,130,4.0,2.0,Primeros_pisos,En buen estado,0,0,1,1,Gas,0,1,1
Piso en venta en Calle del Alcalde Vázquez Varela,Vigo,300000,146,5.0,3.0,Muchos_pisos,A reformar,0,0,0,1,Gas,0,1,0
Piso en venta en Calle Ep-9211,Sanxenxo,195000,80,2.0,2.0,Bajo,A estrenar,0,1,0,1,Electrica,1,1,0
Piso en venta en Avenida de Castelao,Ponteareas,124000,105,3.0,2.0,Desconocido,En buen estado,0,1,0,1,Gas,1,1,0
Piso en venta en Silleda,Silleda,115000,98,3.0,2.0,Desconocido,A estrenar,0,0,0,0,No especifica,0,0,0
Piso en venta en Calle de José Adrio Barreiro,Pontevedra,190000,115,3.0,2.0,Muchos_pisos,En buen estado,0,1,0,1,Colectiva,1,0,0
Piso en venta en Calle de San Salvador,Vigo,599000,225,6.0,4.0,Muchos_pisos,En buen estado,250,0,0,1,Gas,1,0,1
"Piso en venta en Calle Progreso, 79, cerca de Calle de los Castiñeiros",Sanxenxo,399500,140,4.0,3.0,Primeros_pisos,En buen estado,0,0,0,0,No especifica,0,0,0
Piso en venta en Calle Tranvía,Porriño,179000,102,3.0,2.0,Muchos_pisos,En buen estado,0,1,0,1,Electrica,1,1,0
Piso en venta en A Lanzada,Sanxenxo,185000,90,3.0,1.0,Desconocido,En buen estado,0,0,0,0,No especifica,1,0,0
"Piso en venta en Calle del Conde de Torrecedeira, cerca de Calle de Marqués de Valterra",Vigo,209000,87,3.0,1.0,Muchos_pisos,En buen estado,0,1,0,1,No especifica,0,1,1
Piso en venta en Calle de los Cesteiros,Vigo,119000,30,1.0,1.0,Muchos_pisos,En buen estado,30,1,0,0,Electrica,0,0,0
"Piso en venta en Avenida das Camelias, cerca de Calle de Pi i Margall",Vigo,329000,138,3.0,2.0,Primeros_pisos,En buen estado,0,1,0,1,Colectiva,0,0,1
Piso en venta en Plaza Martínez Anido A Estrada,Estrada,128000,105,3.0,3.0,Primeros_pisos,En buen estado,0,1,1,1,Gas,1,0,0
"Piso en venta en Calle de Madrid, 16",Sanxenxo,360000,107,3.0,2.0,Primeros_pisos,En buen estado,0,0,0,0,No especifica,0,0,0
Piso en venta en Calle de Manuel Cuña Novas,Pontevedra,235000,112,3.0,2.0,Primeros_pisos,En buen estado,0,1,0,1,Gas,1,1,0
Piso en venta en Calle de Cangas,Cangas,150000,80,2.0,1.0,Desconocido,En buen estado,0,1,0,0,No especifica,0,1,0
Piso en venta en Calle de la Reconquista,Vigo,800000,231,4.0,3.0,Desconocido,En buen estado,0,1,0,1,No especifica,0,0,1
Apartamento en venta en Calle de Santa Tegra,Vigo,120000,33,1.0,1.0,Primeros_pisos,En buen estado,0,1,0,1,Colectiva,0,0,1
Apartamento en venta en Casco Vello,Vigo,590000,180,2.0,3.0,Desconocido,En buen estado,0,0,0,0,No especifica,0,0,0
Piso en venta en Calle de Alfonso Vázquez Fraile,Ponteareas,110000,100,3.0,2.0,Desconocido,En buen estado,30,1,1,1,No especifica,1,0,0
"Piso en venta en Calle de Cristo, cerca de Calle de la Cruz Branca",Vigo,240000,112,3.0,2.0,Primeros_pisos,En buen estado,105,1,0,1,Gas,1,0,0
"Piso en venta en Avenida Vigo, cerca de Camino Parra",Redondela,130000,104,3.0,1.0,Primeros_pisos,En buen estado,50,0,0,0,Electrica,0,1,1
Apartamento en venta en Calle de Zaragoza,Vigo,125000,38,1.0,1.0,Primeros_pisos,Reformado,30,1,0,1,No especifica,0,1,1
Piso en venta en Calle de la Virgen del Camino,Pontevedra,290000,115,3.0,2.0,Primeros_pisos,En buen estado,0,1,1,0,Gas,1,0,0
"Piso en venta en Calle das Áreas, 5",Baiona,450000,104,4.0,2.0,Muchos_pisos,Reformado,0,1,0,1,No especifica,1,0,0
Piso en venta en Mondariz-Balneario,Mondariz-Balneario,76000,120,3.0,2.0,Primeros_pisos,En buen estado,0,1,0,0,Colectiva,0,1,0
Piso en venta en Avenida Gatomorto,Pontevedra,300000,110,3.0,1.0,Bajo,En buen estado,0,1,0,0,Colectiva,0,1,0
"Piso en venta en Calle de la Peregrina, cerca de Avenida de Vigo",Pontevedra,300000,110,3.0,2.0,Primeros_pisos,En buen estado,0,1,0,1,No especifica,0,1,0
Piso en venta en Calle de Echegaray,Pontevedra,380000,177,5.0,3.0,Muchos_pisos,En buen estado,0,1,0,1,Gas,1,1,0
"Apartamento en venta en Avenida de Lugo, cerca de Calle de las Viñas",Pontevedra,159000,70,2.0,2.0,Primeros_pisos,En buen estado,0,1,0,1,Colectiva,0,0,1
Apartamento en venta en Praza España-Zona Corte Inglés,Vigo,360000,94,3.0,2.0,Desconocido,En buen estado,0,0,0,0,No especifica,0,0,0
Piso en venta en Calle del Rouco,Pontevedra,560000,190,4.0,4.0,Muchos_pisos,En buen estado,0,1,0,1,Gas,1,0,0
Piso en venta en Cangas,Cangas,67500,50,1.0,1.0,Bajo,En buen estado,0,0,0,0,No especifica,0,0,0
Piso en venta en Ponteareas,Ponteareas,106000,110,3.0,1.0,Muchos_pisos,En buen estado,0,1,0,1,Colectiva,0,0,1
"Piso en venta en Avenida de Benito Vigo, cerca de Calle Irida",Estrada,75000,115,3.0,2.0,Primeros_pisos,A reformar,30,0,1,1,Gas,0,0,0
Piso en venta en Rúa do Magnolio,Ponteareas,120000,97,3.0,2.0,Muchos_pisos,En buen estado,0,1,1,1,Gas,1,0,1
"Piso en venta en Travesía de Vigo, cerca de Callejón del Viso",Vigo,130000,56,2.0,1.0,Muchos_pisos,En buen estado,50,1,0,1,Gas,0,0,1
Piso en venta en Calle de la Ciriña,Pontevedra,215000,100,3.0,2.0,Primeros_pisos,En buen estado,50,1,0,1,Gas,1,0,0
Apartamento en venta en Calle Becacina,Vigo,179600,76,2.0,1.0,Muchos_pisos,En buen estado,0,1,0,1,Colectiva,0,0,1
Piso en venta en Calle de San Antoniño,Pontevedra,145000,85,3.0,1.0,Primeros_pisos,En buen estado,30,1,0,0,Gas,0,0,0
Piso en venta en Calle de Atranco,Cangas,190000,100,3.0,2.0,Primeros_pisos,En buen estado,0,1,0,1,Electrica,1,0,0
Piso en venta en Calle de Redondela,Vigo,210000,115,4.0,2.0,Muchos_pisos,En buen estado,120,1,0,1,Colectiva,1,0,1
"Piso en venta en Avenida de Castelao, 9",Pontevedra,150000,69,2.0,2.0,Primeros_pisos,En buen estado,0,1,0,0,Gas,1,1,0
Apartamento en venta en Camino del Rapadouro,Cangas,160000,70,2.0,1.0,Primeros_pisos,En buen estado,0,0,0,0,Electrica,1,0,1
"Piso en venta en Calle de Pi i Margall, cerca de Calle de Menéndez Pelayo",Vigo,350000,161,4.0,2.0,Muchos_pisos,En buen estado,0,1,1,1,Colectiva,1,1,0
Apartamento en venta en La Parda,Pontevedra,180000,85,2.0,2.0,Primeros_pisos,En buen estado,0,0,0,0,Gas,1,1,0
Piso en venta en Praza España-Zona Corte Inglés,Vigo,385000,110,3.0,2.0,Muchos_pisos,En buen estado,0,1,0,1,Colectiva,0,0,0
Piso en venta en Calle Ernestina Otero Sestelo,Pontevedra,236000,126,3.0,2.0,Primeros_pisos,A estrenar,0,0,0,0,No especifica,0,0,0
Piso en venta en Salceda de Caselas,Salceda,106320,79,2.0,2.0,Primeros_pisos,En buen estado,20,1,1,0,No especifica,1,0,1
Piso en venta en Marín,Marín,150000,140,4.0,2.0,Muchos_pisos,En buen estado,0,0,1,1,No especifica,0,1,0
Piso en venta en Teis,Vigo,189000,107,3.0,2.0,Primeros_pisos,En buen estado,0,1,0,0,Gas,1,0,0
Piso en venta en Ponteareas,Ponteareas,135000,100,3.0,2.0,Muchos_pisos,En buen estado,0,1,0,1,Colectiva,0,0,1
Apartamento en venta en Avenida de Uruguai,Pontevedra,200000,74,2.0,1.0,Primeros_pisos,En buen estado,0,1,0,1,Colectiva,0,0,1
Piso en venta en Calle del Doctor Loureiro Crespo,Pontevedra,150000,58,1.0,1.0,Primeros_pisos,En buen estado,0,1,0,1,Gas,1,0,0
Piso en venta en Caldas de Reis,Caldas,105000,70,3.0,1.0,Muchos_pisos,En buen estado,0,1,0,0,Gas,1,0,0
Piso en venta en Rúa Vigo,Sanxenxo,295000,130,2.0,2.0,Bajo,A estrenar,0,1,0,0,Electrica,0,1,1
"Piso en venta en Calle Paseo Do Louro, nº 2",Porriño,118000,87,2.0,2.0,Primeros_pisos,En buen estado,70,1,1,1,Electrica,1,1,0
Piso en venta en Avenida Vigo,Redondela,129000,64,2.0,1.0,Primeros_pisos,En buen estado,48,1,0,1,Electrica,0,0,0
"Piso en venta en Travesía de Vigo, cerca de Calle de Numancia",Vigo,140000,82,3.0,2.0,Primeros_pisos,A reformar,45,0,0,1,Gas,0,0,1
Piso en venta en Calle de Martínez Padín,Tui,190000,100,2.0,2.0,Muchos_pisos,En buen estado,0,1,1,1,No especifica,1,1,0
"Piso en venta en Avenida de la Gran Vía, cerca de Calle de Zamora",Vigo,490000,160,3.0,2.0,Muchos_pisos,En buen estado,50,1,0,1,Gas,0,1,0
Piso en venta en Moraña,Moraña,99000,90,3.0,2.0,Primeros_pisos,En buen estado,0,1,0,1,Gas,1,0,0
Apartamento en venta en Mondariz,Mondariz,85000,66,2.0,2.0,Desconocido,A estrenar,50,1,0,1,Electrica,1,0,0
Piso en venta en Baixada ó Pontillón,Vigo,150000,247,5.0,2.0,Primeros_pisos,En buen estado,0,0,0,0,No especifica,0,0,0
Piso en venta en Avenida del Almirante Méndez Núñez,Moaña,140000,100,4.0,2.0,Muchos_pisos,En buen estado,0,0,0,1,No especifica,0,0,0
Piso en venta en Calle de Paulino Freire,Vigo,450000,214,5.0,3.0,Primeros_pisos,En buen estado,100,1,1,1,Gas,1,1,0
Piso en venta en Centro - Echegaray,Pontevedra,215000,144,6.0,2.0,Bajo,En buen estado,0,0,0,0,Colectiva,0,0,0
"Piso en venta en Calle de Ángel Amor Ruibal, 16",Pontevedra,146680,85,2.0,2.0,Muchos_pisos,En buen estado,0,1,0,1,No especifica,0,0,0
Piso en venta en Calle del Pino,Cruces,39000,87,3.0,1.0,Muchos_pisos,En buen estado,0,0,0,0,No especifica,0,0,1
Piso en venta en Calle Nogal,Vigo,130000,90,3.0,1.0,Desconocido,En buen estado,0,0,0,0,No especifica,0,0,0
Piso en venta en Calle de Ernesto Caballero,Pontevedra,200000,110,3.0,2.0,Primeros_pisos,En buen estado,50,1,0,1,Gas,1,0,0
"Piso en venta en Calle del Couto de San Honorato, cerca de Calle de la Rola",Vigo,295000,92,3.0,2.0,Muchos_pisos,En buen estado,100,1,0,1,Gas,1,0,0
Piso en venta en Avenida de Castrelos,Vigo,340000,166,4.0,2.0,Muchos_pisos,En buen estado,147,1,0,1,Gas,1,0,0
Piso en venta en Calle Avenida José Graña,Cangas,270000,83,2.0,2.0,Desconocido,En buen estado,56,1,0,1,Colectiva,1,1,0
Piso en venta en Calle de Tomás Mirambell,Baiona,230000,76,3.0,2.0,Muchos_pisos,En buen estado,50,1,0,0,No especifica,1,0,0
"Piso en venta en Avenida de la Gran Vía, cerca de Calle de Venezuela",Vigo,529000,272,5.0,3.0,Muchos_pisos,Reformado,100,1,1,1,Gas,1,1,0
"Piso en venta en Calle de San Pelayo, cerca de Calle Cincuenta y Seis",Estrada,168000,97,3.0,2.0,Muchos_pisos,En buen estado,0,1,0,1,Renovable,1,0,0
"Piso en venta en Travesía de Vigo, cerca de Calle de San Xosé",Vigo,149000,94,3.0,2.0,Muchos_pisos,En buen estado,70,0,1,1,No especifica,0,0,0
Piso en venta en Sanxenxo Playa,Sanxenxo,249000,120,2.0,2.0,Bajo,En buen estado,50,0,1,0,Electrica,0,1,0
Apartamento en venta en Calle Prado de las Barxas,Moaña,149000,46,1.0,1.0,Muchos_pisos,En buen estado,0,1,0,1,Electrica,1,1,1
Piso en venta en Goián,Tomiño,84000,137,3.0,1.0,Muchos_pisos,En buen estado,0,1,1,0,No especifica,0,0,1
Piso en venta en Cangas,Cangas,165000,107,3.0,2.0,Muchos_pisos,En buen estado,0,1,0,1,Electrica,1,0,0
"Piso en venta en Calle de Ecuador, cerca de Calle Cuba",Vigo,380000,115,3.0,2.0,Muchos_pisos,A estrenar,0,1,1,1,No especifica,0,1,0
Piso en venta en Urzaiz-Calvario,Vigo,160000,58,1.0,1.0,Primeros_pisos,En buen estado,70,1,0,0,Colectiva,1,0,0
Apartamento en venta en Calle Arcade Piñeiro,Soutomaior,126517,42,1.0,1.0,Desconocido,En buen estado,0,1,0,1,Colectiva,0,1,1
"Piso en venta en Calle de López Mora, cerca de Calle Pintor Lugrís",Vigo,135000,60,1.0,1.0,Desconocido,En buen estado,0,1,0,1,Gas,1,0,0
Piso en venta en Rúa Vigo,Sanxenxo,345000,160,2.0,2.0,Bajo,A estrenar,0,1,0,0,Electrica,0,1,0
"Piso en venta en Paseo de la Praia de Silgar, cerca de Calle de La Coruña",Sanxenxo,444000,95,3.0,2.0,Muchos_pisos,A estrenar,30,1,1,1,No especifica,1,1,0
"Piso en venta en Rúa Baladas, 2",Barro,115000,110,3.0,2.0,Muchos_pisos,En buen estado,0,1,0,0,Gas,1,1,0
Piso en venta en Calvario,Vigo,289000,124,3.0,2.0,Primeros_pisos,En buen estado,0,0,0,1,No especifica,1,0,0
"Piso en venta en Calle del Conde de Torrecedeira, cerca de Calle de Llorente",Vigo,210000,157,5.0,2.0,Desconocido,En buen estado,0,0,0,1,No especifica,0,1,0
"Piso en venta en Plaza del Espiñeiro, 24",Sanxenxo,159999,73,2.0,1.0,Muchos_pisos,En buen estado,0,1,1,1,No especifica,1,0,0
Piso en venta en Calle del Rouco,Pontevedra,355000,107,3.0,2.0,Primeros_pisos,En buen estado,0,1,0,1,Colectiva,0,0,1
"Piso en venta en Calle de Redomeira, cerca de Calle Aragón",Vigo,95000,75,3.0,1.0,Muchos_pisos,En buen estado,30,0,0,0,No especifica,0,0,0
Piso en venta en Rúa Lamazáns,Ponteareas,90820,93,2.0,2.0,Primeros_pisos,En buen estado,0,1,0,1,Electrica,1,0,0
Piso en venta en Calle Calle Ernestina Otero Sestelo,Pontevedra,179000,95,2.0,1.0,Primeros_pisos,A estrenar,0,0,0,0,No especifica,0,1,0
Piso en venta en Calle de Pedro Alvarado,Vigo,150000,41,1.0,1.0,Desconocido,En buen estado,0,0,0,0,Gas,1,0,0
Piso en venta en Travesía del Pumariño,Marín,110000,112,5.0,2.0,Desconocido,En buen estado,30,0,0,0,No especifica,0,0,0
Piso en venta en Salvaterra de Miño,Salvaterra,120000,120,3.0,2.0,Desconocido,En buen estado,0,1,0,1,Colectiva,0,1,0
Piso en venta en Calle de Gerona,Vigo,380000,152,4.0,2.0,Desconocido,En buen estado,0,0,0,1,No especifica,1,1,0
Piso en venta en Calle de la Gaviota,Vigo,170000,110,2.0,1.0,Muchos_pisos,En buen estado,75,1,1,1,Gas,1,0,0
Piso en venta en Calle de Menéndez Pelayo,Vigo,165000,67,2.0,1.0,Primeros_pisos,En buen estado,110,1,1,1,Colectiva,0,0,0
"Piso en venta en Calle de Antón Losada Diéguez, 1",Estrada,98000,80,3.0,2.0,Muchos_pisos,En buen estado,0,0,0,1,No especifica,0,1,1
Piso en venta en Calle Pintor Lugrís,Vigo,235000,114,4.0,2.0,Desconocido,En buen estado,50,0,0,1,No especifica,1,1,0
Piso en venta en Plaza de Galicia,Pontevedra,260000,130,4.0,2.0,Primeros_pisos,En buen estado,50,1,0,1,Gas,1,0,0
"Piso en venta en Camino Fianteira, nº 12 A",Sanxenxo,168000,92,2.0,2.0,Primeros_pisos,En buen estado,0,1,1,1,No especifica,1,1,0
Piso en venta en Calle de Rosalía de Castro,Vigo,225000,78,2.0,1.0,Desconocido,En buen estado,0,0,0,1,No especifica,0,0,1
Piso en venta en Centro,Redondela,120000,75,2.0,1.0,Primeros_pisos,En buen estado,0,1,0,0,Electrica,0,0,0
Piso en venta en Calle de Bolivia,Vigo,390000,143,3.0,2.0,Muchos_pisos,En buen estado,130,1,0,1,Colectiva,1,0,0
Piso en venta en Rúa de Antón Fraguas,Pontevedra,345000,110,4.0,2.0,Primeros_pisos,En buen estado,50,1,0,1,Gas,1,0,0
Piso en venta en As Travesas-Balaídos,Vigo,196000,100,3.0,2.0,Primeros_pisos,En buen estado,0,1,0,1,Colectiva,0,0,0
Piso en venta en Calle Calle Ernestina Otero Sestelo,Pontevedra,213000,95,2.0,2.0,Muchos_pisos,A estrenar,0,0,0,0,No especifica,0,0,0
"Piso en venta en Avenida de la Gran Vía, cerca de Calle de las Illas Canarias",Vigo,300000,92,3.0,2.0,Muchos_pisos,En buen estado,34,0,0,1,No especifica,0,1,1
Piso en venta en Traviesas-Plaza Independencia,Vigo,110000,95,3.0,2.0,Muchos_pisos,En buen estado,120,0,1,0,No especifica,0,1,1
"Piso en venta en Avenida del Outeiro, 20",Poio,150000,95,2.0,2.0,Muchos_pisos,En buen estado,0,1,1,0,No especifica,1,1,0
Piso en venta en Sanxenxo Playa,Sanxenxo,175000,60,2.0,1.0,Bajo,En buen estado,0,1,1,0,No especifica,1,0,0
Piso en venta en Calle Calle Ernestina Otero Sestelo,Pontevedra,223000,125,3.0,2.0,Primeros_pisos,A estrenar,0,0,0,0,No especifica,0,1,0
"Piso en venta en Calle de Calvo Sotelo, cerca de Plaza de Galicia",Estrada,115000,114,3.0,2.0,Muchos_pisos,Reformado,15,1,0,0,Gas,0,1,0
Piso en venta en Carretera de Balsa,Vigo,150000,85,3.0,1.0,Desconocido,A reformar,0,1,0,0,No especifica,1,0,1
Piso en venta en Centro,Sanxenxo,290000,104,3.0,2.0,Muchos_pisos,En buen estado,0,1,0,1,Electrica,1,1,0
Piso en venta en Alameda,Vigo,495000,120,3.0,2.0,Primeros_pisos,A estrenar,0,1,1,1,Electrica,1,0,0
"Piso en venta en Avenida de Castrelos, cerca de Camino de Telleira",Vigo,147000,52,2.0,1.0,Primeros_pisos,En buen estado,54,1,0,1,Colectiva,1,0,0
"Piso en venta en Calle de Ecuador, cerca de Avenida de la Gran Vía",Vigo,348000,110,3.0,2.0,Primeros_pisos,A estrenar,0,1,1,1,No especifica,0,0,0
Piso en venta en Sanxenxo,Sanxenxo,148000,87,3.0,2.0,Primeros_pisos,En buen estado,50,1,1,0,Electrica,0,1,0
Piso en venta en Camelias-Gran Vía-Hispanidad,Vigo,329000,143,3.0,2.0,Primeros_pisos,En buen estado,153,1,0,0,Colectiva,1,0,0
Piso en venta en Ponteareas,Ponteareas,130000,100,3.0,2.0,Muchos_pisos,En buen estado,0,1,0,1,Colectiva,0,1,0
Piso en venta en Calle de Atranco,Cangas,198000,121,3.0,2.0,Primeros_pisos,En buen estado,30,1,0,1,Electrica,1,1,0
Piso en venta en Avenida de Fragoso,Vigo,175000,110,4.0,2.0,Muchos_pisos,En buen estado,65,1,1,1,Gas,0,0,0
"Piso en venta en Calle de Barcelona, cerca de Calle de Sevilla",Vigo,176000,80,3.0,1.0,Primeros_pisos,En buen estado,50,1,0,1,No especifica,0,0,0
Piso en venta en Calle Monte Caldelas,Tui,60000,76,3.0,1.0,Bajo,En buen estado,0,1,0,0,No especifica,0,0,0
"Piso en venta en Carretera de la Lanzada, 19",Sanxenxo,169000,76,2.0,1.0,Muchos_pisos,En buen estado,30,1,0,0,No especifica,1,0,0
Piso en venta en Calle del Doctor Darío Durán Gómez,Vigo,256000,110,3.0,1.0,Desconocido,En buen estado,0,0,0,1,No especifica,1,0,0
Piso en venta en Calle Barreiros,Cangas,145000,70,2.0,1.0,Desconocido,En buen estado,50,1,0,1,No especifica,0,1,1
Piso en venta en Pasarón,Pontevedra,173000,81,3.0,2.0,Primeros_pisos,En buen estado,0,1,0,1,Gas,1,0,0
Piso en venta en Calle del Gaiteiro de Soutelo,Pontevedra,135000,86,2.0,1.0,Desconocido,En buen estado,50,0,0,1,Gas,0,1,1
"Piso en venta en Calle Fonte de Ons, 4 (Noalla)",Sanxenxo,165000,110,2.0,2.0,Desconocido,En buen estado,0,1,0,1,No especifica,0,1,1
Apartamento en venta en Calle Avenida Alfonso R. Castelao,Soutomaior,160000,82,2.0,2.0,Primeros_pisos,En buen estado,0,1,0,0,Colectiva,0,0,1
Piso en venta en Calle del Busto de Abajo,Marín,125000,100,3.0,2.0,Muchos_pisos,En buen estado,50,0,0,1,Gas,0,0,1
"Piso en venta en Avenida de Benito Vigo, cerca de Calle de Manuel García Barros",Estrada,115000,105,3.0,2.0,Primeros_pisos,En buen estado,0,1,1,1,Electrica,1,0,0
Piso en venta en Calle Puente,Lalín,84000,75,2.0,1.0,Primeros_pisos,A estrenar,0,1,1,1,Gas,1,1,0
Piso en venta en Calle Arturo Fontán Bouzas,Sanxenxo,160000,81,3.0,1.0,Primeros_pisos,Reformado,0,1,0,0,Electrica,1,1,0
Piso en venta en Avenida del Doctor Tourón,Vilagarcía,150000,120,4.0,2.0,Primeros_pisos,En buen estado,90,1,1,1,Colectiva,1,0,0
Piso en venta en Calle del Couto,Vigo,360000,112,3.0,2.0,Primeros_pisos,En buen estado,91,1,1,1,Colectiva,1,0,1
Piso en venta en Balaidos,Vigo,165000,104,3.0,2.0,Primeros_pisos,En buen estado,0,1,1,1,No especifica,0,1,0
Piso en venta en Calle Revolta Noalla,Sanxenxo,153000,122,2.0,2.0,Muchos_pisos,En buen estado,0,1,1,1,No especifica,1,1,0
Piso en venta en Calle Puerta del Sol,Baiona,279000,90,3.0,2.0,Primeros_pisos,En buen estado,50,1,1,0,Electrica,1,0,0
Piso en venta en Calle Calle Ernestina Otero Sestelo S/N,Pontevedra,337000,155,4.0,2.0,Muchos_pisos,A estrenar,0,0,0,0,No especifica,0,1,1
Piso en venta en Centro,Vigo,120000,103,4.0,1.0,Primeros_pisos,En buen estado,0,0,0,0,No especifica,0,0,0
Piso en venta en Calle Julia Minguillon,Vigo,297500,70,2.0,1.0,Muchos_pisos,Reformado,100,1,0,1,Colectiva,1,0,0
Piso en venta en Calle del Canario,Vigo,200000,107,3.0,2.0,Primeros_pisos,En buen estado,70,1,0,1,Gas,1,0,0
Piso en venta en Calle del Calvario,Soutomaior,83000,56,1.0,1.0,Muchos_pisos,En buen estado,0,1,0,1,No especifica,0,0,0
"Piso en venta en Paseo de la Praia de Silgar, cerca de Calle de Rosalía de Castro",Sanxenxo,525000,136,3.0,2.0,Desconocido,En buen estado,0,0,0,0,No especifica,0,1,0
Piso en venta en Zona Plaza de Barcelos,Pontevedra,245000,136,5.0,2.0,Muchos_pisos,En buen estado,0,0,0,1,No especifica,0,0,1
Piso en venta en Casablanca-Corte Inglés,Vigo,350000,100,2.0,2.0,Muchos_pisos,En buen estado,50,1,0,1,Gas,0,0,0
"Piso en venta en Calle Raxo, 2 (Leopoldo Novoa)",Poio,185000,95,3.0,2.0,Desconocido,En buen estado,0,1,0,1,No especifica,0,1,1
Piso en venta en Calle Vía Norte,Vigo,450000,140,4.0,2.0,Desconocido,En buen estado,0,0,0,1,No especifica,0,1,0
"Piso en venta en Calle de Tomás Alonso, cerca de Camino de la Seara",Vigo,181500,93,4.0,2.0,Primeros_pisos,En buen estado,66,1,0,1,Electrica,0,0,0
Piso en venta en Calle de Ricardo Santos,Sanxenxo,269000,98,2.0,2.0,Desconocido,En buen estado,0,1,0,1,No especifica,0,0,1
Piso en venta en Portonovo,Sanxenxo,225000,115,3.0,2.0,Primeros_pisos,En buen estado,50,1,1,0,No especifica,1,1,0
Piso en venta en Avenida de la Toja,Poio,162000,90,3.0,2.0,Desconocido,En buen estado,0,0,0,0,No especifica,0,0,1
Piso en venta en Calle Joaquin Fdez,Salceda,94000,68,2.0,2.0,Primeros_pisos,En buen estado,0,0,0,0,No especifica,0,0,0
Piso en venta en Calle Puente,Lalín,124000,95,3.0,2.0,Primeros_pisos,A estrenar,0,1,1,1,Gas,1,1,0
Piso en venta en Calle de Nogueira,Vigo,130000,80,3.0,1.0,Desconocido,En buen estado,0,0,0,0,No especifica,0,0,0
Piso en venta en Centro,Cangas,35000,92,3.0,1.0,Muchos_pisos,En buen estado,0,0,0,0,No especifica,0,0,0
Piso en venta en Cangas,Cangas,140000,60,2.0,1.0,Desconocido,En buen estado,0,1,0,1,No especifica,0,0,0
Piso en venta en Calle del Padre Feijóo,Vigo,245000,109,4.0,2.0,Primeros_pisos,En buen estado,150,0,1,1,Colectiva,1,0,0
Piso en venta en Calle de San Roque,Vilagarcía,75000,69,3.0,1.0,Primeros_pisos,En buen estado,15,1,1,0,Electrica,0,0,0
"Piso en venta en Avenida de los Loureiros, cerca de Calle Prolongación Avenida de Pontevedra",Sanxenxo,159000,69,2.0,2.0,Desconocido,En buen estado,30,1,0,1,No especifica,1,0,0
"Piso en venta en Calle de los Loureiros, 1",Sanxenxo,169900,139,4.0,2.0,Primeros_pisos,En buen estado,0,0,1,0,No especifica,0,0,1
Piso en venta en Parroquias Rurales,Pontevedra,120000,85,3.0,1.0,Desconocido,En buen estado,0,1,0,0,No especifica,0,0,0
Apartamento en venta en Ponteareas,Ponteareas,85000,70,2.0,1.0,Primeros_pisos,En buen estado,0,1,0,1,Colectiva,0,0,1
Piso en venta en Tui,Tui,155000,96,2.0,2.0,Primeros_pisos,En buen estado,0,1,0,0,Gas,1,0,0
Piso en venta en Calle de Eduardo Iglesias,Vigo,620000,280,7.0,3.0,Desconocido,En buen estado,100,0,0,1,No especifica,1,1,0
"Piso en venta en Avenida das Camelias, cerca de Calle de Pi i Margall",Vigo,200000,96,2.0,2.0,Desconocido,En buen estado,0,0,0,1,No especifica,1,1,0
Piso en venta en Calle de Bolivia,Vigo,460000,179,5.0,3.0,Primeros_pisos,En buen estado,200,1,1,1,Colectiva,1,0,0
Piso en venta en Portonovo,Sanxenxo,200000,140,4.0,2.0,Muchos_pisos,En buen estado,0,1,1,1,No especifica,0,1,0
Piso en venta en Calle de Otero Pedrayo,Gondomar,195000,86,3.0,2.0,Primeros_pisos,En buen estado,0,1,1,1,Gas,1,0,0
Piso en venta en Avenida del Covelo,Poio,140000,107,2.0,1.0,Desconocido,En buen estado,0,1,0,1,No especifica,0,1,1
Piso en venta en Avenida La Guardia,Guarda,66000,70,2.0,1.0,Primeros_pisos,En buen estado,0,1,1,0,Electrica,0,0,0
"Piso en venta en Calle San Blas - Salcedo, nº 18",Pontevedra,180000,132,4.0,2.0,Primeros_pisos,En buen estado,0,0,1,0,Colectiva,0,0,1
"Piso en venta en Avenida de la Gran Vía, cerca de Calle de Zamora",Vigo,400000,115,4.0,2.0,Desconocido,En buen estado,0,0,0,1,No especifica,1,1,0
Piso en venta en Aldán,Cangas,175000,106,3.0,2.0,Desconocido,En buen estado,0,1,0,1,No especifica,1,0,0
Piso en venta en Sanxenxo,Sanxenxo,290000,100,3.0,2.0,Desconocido,En buen estado,0,0,0,0,No especifica,0,1,1
Piso en venta en Calle de Moaña,Vigo,85000,72,3.0,1.0,Muchos_pisos,A reformar,30,0,0,0,Gas,0,0,1
Piso en venta en Sanxenxo,Sanxenxo,180000,60,2.0,1.0,Desconocido,En buen estado,0,1,0,1,No especifica,0,0,1
Piso en venta en Calle de Paraguay,Vigo,125000,100,3.0,2.0,Desconocido,En buen estado,0,0,0,0,No especifica,0,1,0
Piso en venta en Cangas,Cangas,180000,75,2.0,2.0,Desconocido,En buen estado,0,0,0,1,No especifica,0,0,0
Piso en venta en Mos,Mos,155000,85,3.0,2.0,Primeros_pisos,A estrenar,0,1,0,1,Gas,1,0,0
Piso en venta en Calle Arturo Fontan Bouzas,Sanxenxo,160000,81,3.0,1.0,Primeros_pisos,En buen estado,0,0,0,0,No especifica,1,0,0
"Piso en venta en Calle de la Curtidoira, 5",Pontevedra,240000,94,3.0,2.0,Muchos_pisos,En buen estado,0,0,0,1,Gas,0,0,1
Piso en venta en Calle de Paulino Freire,Vigo,450000,193,5.0,3.0,Desconocido,En buen estado,0,0,0,1,Gas,1,0,0
Piso en venta en Urzaiz-Calvario,Vigo,270000,120,3.0,2.0,Muchos_pisos,En buen estado,69,1,0,0,Colectiva,1,0,1
Piso en venta en Calle Balea (San Vicente Do Mar),Grove,135000,65,2.0,1.0,Primeros_pisos,En buen estado,0,1,0,0,No especifica,1,0,0
"Piso en venta en Avenida de la Gran Vía, cerca de Calle de Ecuador",Vigo,190000,156,3.0,1.0,Desconocido,A reformar,0,0,0,1,Colectiva,0,0,1
"Piso en venta en Calle Aragón, cerca de Calle de Redomeira",Vigo,145000,60,1.0,1.0,Muchos_pisos,En buen estado,55,1,1,1,Electrica,1,0,0
Piso en venta en Avenida del Doctor Tourón,Vilagarcía,130000,100,4.0,2.0,Primeros_pisos,En buen estado,50,1,1,1,Gas,0,0,0
"Piso en venta en Rúa de Castelao, cerca de Lugar de Confín",Grove,153000,115,6.0,3.0,Primeros_pisos,En buen estado,50,1,0,0,No especifica,1,1,0
Piso en venta en Rúa Cordón,Pontevedra,185000,90,3.0,2.0,Muchos_pisos,A estrenar,0,1,1,1,Gas,1,1,1
Piso en venta en Calle Po-308 (As Pitas),Sanxenxo,156000,71,2.0,2.0,Desconocido,En buen estado,0,1,0,0,No especifica,0,1,1
Piso en venta en Porriño (O),Porriño,155000,90,3.0,2.0,Primeros_pisos,En buen estado,0,1,0,0,Gas,1,0,0
Piso en venta en Gondomar,Gondomar,148000,62,2.0,1.0,Primeros_pisos,En buen estado,0,1,1,0,No especifica,1,0,1
Piso en venta en Darbo (Santa María),Cangas,117000,67,2.0,2.0,Primeros_pisos,En buen estado,0,0,0,1,No especifica,0,0,0
Piso en venta en Calle de San Salvador,Vigo,599000,265,6.0,4.0,Muchos_pisos,En buen estado,220,1,0,1,Colectiva,1,0,0
Piso en venta en Marín,Marín,86000,112,3.0,2.0,Muchos_pisos,A reformar,0,0,0,0,No especifica,0,0,1
"Piso en venta en Calle Doutor Touriño Gamallo, nº 14",Marín,119000,90,3.0,2.0,Desconocido,Reformado,15,1,0,0,Electrica,0,0,0
Apartamento en venta en Avenida de Emilio Martínez Garrido,Vigo,118900,42,1.0,1.0,Primeros_pisos,En buen estado,48,1,0,1,Electrica,0,0,0
"Piso en venta en Calle de Cambria, 3",Pontevedra,149000,97,3.0,2.0,Desconocido,En buen estado,30,0,0,0,Gas,0,0,0
"Piso en venta en Calle de Cristo, cerca de Calle de la Cruz Branca",Vigo,135000,50,1.0,1.0,Desconocido,En buen estado,55,1,0,1,Gas,1,0,0
Piso en venta en Casco Antiguo,Pontevedra,450000,225,5.0,3.0,Primeros_pisos,En buen estado,0,0,0,0,Gas,0,1,1
Piso en venta en Calle Vía Norte,Vigo,300000,128,4.0,2.0,Muchos_pisos,En buen estado,160,1,1,1,Colectiva,0,0,0
"Piso en venta en Travesía del Arenal, 3",Sanxenxo,290000,120,3.0,2.0,Muchos_pisos,En buen estado,0,1,0,1,No especifica,1,0,0
"Piso en venta en Calle de Benito Corbal, 58",Pontevedra,245000,90,3.0,3.0,Muchos_pisos,En buen estado,0,1,0,1,Gas,0,0,1
Piso en venta en Calle Rua Do.Ecuador,Vigo,349000,123,3.0,2.0,Primeros_pisos,En buen estado,100,1,0,1,Colectiva,1,0,0
"Piso en venta en Avenida Vigo, cerca de Camino de los Bosques",Redondela,145000,110,3.0,1.0,Muchos_pisos,En buen estado,90,0,0,1,No especifica,0,0,1
Piso en venta en Sanxenxo Playa,Sanxenxo,444000,92,3.0,2.0,Muchos_pisos,En buen estado,50,1,1,1,Electrica,0,1,0
"Piso en venta en Travesía de Vigo, cerca de Callejón del Viso",Vigo,195000,100,4.0,2.0,Primeros_pisos,En buen estado,141,1,0,1,Colectiva,1,0,0
Piso en venta en A Seca-Os Salgueriños,Pontevedra,180000,80,2.0,2.0,Muchos_pisos,En buen estado,0,0,1,1,Gas,0,0,1
Piso en venta en Calle de Ricardo Santos,Sanxenxo,250000,82,2.0,2.0,Desconocido,En buen estado,0,1,0,1,No especifica,0,0,1
Piso en venta en Cangas,Cangas,150000,65,2.0,2.0,Desconocido,En buen estado,0,1,0,1,No especifica,1,0,0
"Piso en venta en Calle Fonte de Ons, nº 30",Sanxenxo,149900,82,2.0,2.0,Primeros_pisos,En buen estado,30,1,1,1,No especifica,1,0,0
Piso en venta en Calle de Rosario,Vigo,285000,120,3.0,2.0,Desconocido,En buen estado,90,1,0,1,No especifica,1,1,0
Piso en venta en Barcelos,Pontevedra,165000,75,4.0,1.0,Muchos_pisos,En buen estado,56,1,0,0,Electrica,0,0,1
Piso en venta en Calle de Augusto González Besada,Sanxenxo,170000,90,3.0,2.0,Desconocido,En buen estado,0,1,0,0,No especifica,0,0,0
Piso en venta en Montalvo,Sanxenxo,156000,71,2.0,2.0,Primeros_pisos,En buen estado,100,1,1,0,No especifica,1,1,0
Piso en venta en San Roque,Vilagarcía,95000,129,5.0,2.0,Primeros_pisos,En buen estado,0,1,0,0,Gas,0,0,0
"Piso en venta en Calle de Iglesias Vilarelle, 5",Pontevedra,200000,111,4.0,2.0,Desconocido,En buen estado,70,1,0,1,No especifica,0,1,1
Piso en venta en Ponteareas,Ponteareas,124000,100,3.0,2.0,Desconocido,En buen estado,0,1,0,1,Colectiva,0,0,1
Piso en venta en Cangas,Cangas,125000,50,2.0,1.0,Desconocido,En buen estado,0,1,0,0,No especifica,1,0,0
"Piso en venta en Calle Praia Montalvo, nº 10",Sanxenxo,115000,40,1.0,1.0,Desconocido,En buen estado,0,0,0,1,No especifica,0,1,0
Apartamento en venta en Calle Pintor Urbano Lugrís,Pontevedra,119000,48,1.0,1.0,Primeros_pisos,En buen estado,35,1,0,0,Gas,1,1,1
Piso en venta en Vilagarcía de Arousa,Vilagarcía,175000,95,3.0,2.0,Muchos_pisos,A estrenar,0,1,0,1,Gas,1,0,0
Piso en venta en Salceda de Caselas,Salceda,95000,100,3.0,2.0,Primeros_pisos,En buen estado,50,1,0,1,No especifica,1,1,0
"Piso en venta en Calle Pino, cerca de Calle de Fátima",Vigo,260000,140,4.0,2.0,Muchos_pisos,En buen estado,100,1,0,1,Electrica,1,0,1
Piso en venta en Núcleo Urbano,Cangas,145000,63,2.0,1.0,Desconocido,En buen estado,0,1,0,1,No especifica,1,0,0
Piso en venta en Portonovo,Sanxenxo,110000,62,1.0,1.0,Primeros_pisos,En buen estado,30,1,0,0,No especifica,1,0,0
Piso en venta en Vilagarcía de Arousa,Vilagarcía,175000,100,3.0,2.0,Primeros_pisos,En buen estado,0,1,0,1,Gas,1,0,0
"Piso en venta en Calle del Miño, 23",Salvaterra,93500,80,2.0,1.0,Primeros_pisos,En buen estado,0,1,0,0,Electrica,1,1,0
Piso en venta en Calle Sanxenxo,Sanxenxo,350000,95,3.0,2.0,Desconocido,En buen estado,0,1,0,1,No especifica,0,0,1
"Piso en venta en Calle de Iglesias Vilarelle, 5",Pontevedra,200000,110,4.0,2.0,Primeros_pisos,En buen estado,0,0,1,1,Gas,0,0,0
Apartamento en venta en Doblada,Vigo,155000,50,1.0,1.0,Bajo,En buen estado,50,0,0,0,No especifica,0,0,0
Piso en venta en Santiago de Vigo,Vigo,479000,200,4.0,2.0,Primeros_pisos,En buen estado,0,0,0,1,No especifica,0,1,0
Piso en venta en Sanxenxo,Sanxenxo,252000,109,2.0,2.0,Desconocido,En buen estado,0,1,0,1,No especifica,0,0,1
Piso en venta en Rúa Fontoura,Salvaterra,129000,102,3.0,2.0,Muchos_pisos,A estrenar,0,1,0,1,Colectiva,1,0,0
Piso en venta en Cangas,Cangas,150000,110,3.0,2.0,Desconocido,En buen estado,50,0,0,1,No especifica,1,1,0
"Piso en venta en Calle del Calvario, 20",Guarda,115000,101,3.0,2.0,Primeros_pisos,En buen estado,30,1,0,1,No especifica,0,0,0
"Piso en venta en Calle Emilia Pardo Bazán, cerca de Avenida de Madrid",Vigo,250000,90,3.0,2.0,Primeros_pisos,En buen estado,120,1,0,0,Gas,1,0,0
Piso en venta en Calle de la Constitución,Sanxenxo,220000,104,3.0,2.0,Desconocido,En buen estado,0,0,0,1,No especifica,0,1,1
Piso en venta en Calle Calle Calle Ernestina Otero Sestelo,Pontevedra,308000,142,3.0,2.0,Muchos_pisos,A estrenar,0,0,0,0,No especifica,0,1,0
"Piso en venta en Calle Progreso, cerca de Calle de Castelao",Sanxenxo,340000,90,3.0,2.0,Desconocido,En buen estado,0,1,0,1,No especifica,0,0,0
"Piso en venta en Paseo de Colón, 15",Pontevedra,165000,90,3.0,2.0,Desconocido,En buen estado,0,0,0,0,Colectiva,0,0,0
Piso en venta en Calle del Pintor Laxeiro,Vigo,230000,120,4.0,2.0,Primeros_pisos,En buen estado,0,1,1,1,Colectiva,0,0,0
Piso en venta en Casablanca-Corte Inglés,Vigo,190000,88,3.0,2.0,Muchos_pisos,En buen estado,0,1,0,1,Electrica,0,0,0
Piso en venta en Silleda,Silleda,40000,93,3.0,1.0,Muchos_pisos,En buen estado,0,1,1,0,No especifica,0,0,1
"Piso en venta en Calle de Manuel Lomba, 2",Guarda,58000,94,2.0,1.0,Primeros_pisos,A reformar,0,0,0,0,No especifica,0,0,0
Piso en venta en Rúa Fontoura,Salvaterra,131000,102,3.0,2.0,Muchos_pisos,A estrenar,0,1,0,1,Colectiva,1,0,0
Piso en venta en Calle Galicia,Guarda,140000,181,5.0,3.0,Primeros_pisos,En buen estado,0,1,1,1,Colectiva,1,0,0
"Piso en venta en Calle Progreso, 43, cerca de Calle Sanxenxo",Sanxenxo,340000,103,3.0,2.0,Muchos_pisos,En buen estado,70,1,0,0,No especifica,1,0,0
Piso en venta en Rúa Vigo,Sanxenxo,220000,93,3.0,2.0,Desconocido,En buen estado,0,1,0,1,No especifica,0,1,0
Piso en venta en Arenal-Centro,Vigo,120000,85,2.0,1.0,Muchos_pisos,A reformar,0,0,0,0,No especifica,0,0,0
Piso en venta en Cangas,Cangas,175000,108,3.0,2.0,Bajo,En buen estado,0,0,1,0,No especifica,1,1,0
"Piso en venta en Calle Real, 12",Pontevedra,275000,115,3.0,2.0,Desconocido,En buen estado,0,0,0,1,Gas,0,1,0
Piso en venta en Calle de La Coruña,Salceda,83000,84,3.0,2.0,Primeros_pisos,A estrenar,50,1,0,0,Electrica,1,0,0
Piso en venta en Eduardo Pondal,Pontevedra,295000,101,3.0,2.0,Muchos_pisos,En buen estado,0,1,0,1,Gas,1,1,0
Piso en venta en Sanxenxo,Sanxenxo,238000,116,3.0,2.0,Desconocido,En buen estado,0,1,0,1,No especifica,0,1,1
Piso en venta en Gondomar,Gondomar,137000,244,3.0,2.0,Primeros_pisos,En buen estado,0,0,1,1,No especifica,0,0,0
Piso en venta en Calle Caldelas,Tui,60000,76,3.0,2.0,Primeros_pisos,En buen estado,0,0,0,0,Gas,0,0,0
Piso en venta en Rúa Fontoura,Salvaterra,127000,102,3.0,2.0,Primeros_pisos,A estrenar,0,1,0,1,Colectiva,1,0,0
Piso en venta en Rúa Cordón,Pontevedra,185000,90,3.0,2.0,Desconocido,En buen estado,50,0,0,0,No especifica,1,1,1
Piso en venta en Calle del Alcalde Vázquez Varela,Vigo,389000,90,3.0,2.0,Muchos_pisos,En buen estado,0,1,0,1,No especifica,1,0,0
Piso en venta en Centro,Cangas,65000,120,3.0,1.0,Primeros_pisos,En buen estado,0,0,0,0,No especifica,0,0,0
Piso en venta en Tui,Tui,60000,76,3.0,1.0,Bajo,En buen estado,0,0,0,0,No especifica,0,0,0
"Piso en venta en Avenida das Camelias, cerca de Calle de Juan Ramón Jiménez",Vigo,355000,143,4.0,3.0,Desconocido,En buen estado,100,0,0,1,No especifica,0,1,0
Apartamento en venta en Calle Aguia,Vigo,179600,80,2.0,1.0,Muchos_pisos,A estrenar,70,1,0,1,Colectiva,0,0,0
Piso en venta en Calle en Real,Moaña,140000,109,4.0,3.0,Muchos_pisos,En buen estado,30,1,0,1,No especifica,0,0,0
"Piso en venta en Calle de Casimiro Gómez, 18",Pontevedra,165000,94,3.0,1.0,Desconocido,En buen estado,70,0,0,1,Electrica,0,0,1
Piso en venta en Calle de Hernán Cortés,Vigo,255000,110,3.0,2.0,Muchos_pisos,En buen estado,70,1,0,1,Gas,1,0,0
"Piso en venta en Avenida de Buenos Aires, 41",Vigo,115000,97,3.0,1.0,Muchos_pisos,A reformar,0,0,0,1,No especifica,0,0,0
Piso en venta en Poio (San Juan-Albar),Poio,150000,65,2.0,2.0,Desconocido,En buen estado,0,1,0,1,No especifica,0,1,1
Piso en venta en Vilagarcía de Arousa,Vilagarcía,99900,100,3.0,1.0,Desconocido,En buen estado,0,1,0,0,No especifica,0,1,1
"Piso en venta en Calle Estrada Circunvalación, 53, Esc",Sanxenxo,320000,142,3.0,2.0,Desconocido,En buen estado,0,1,0,1,No especifica,0,0,1
"Piso en venta en Rúa de Lugo, 2",Salceda,106320,85,2.0,2.0,Primeros_pisos,En buen estado,0,1,0,1,Gas,1,1,0
"Piso en venta en Calle del Pintor Colmeiro, 23",Vigo,296000,91,3.0,2.0,Muchos_pisos,En buen estado,0,1,0,1,Gas,1,0,0
Piso en venta en Calle de Gonzalo Torrente Ballester,Vigo,198000,96,4.0,2.0,Primeros_pisos,En buen estado,80,1,0,1,Colectiva,1,0,0
Piso en venta en Rúa Fontoura,Salvaterra,125000,102,3.0,2.0,Primeros_pisos,A estrenar,0,1,0,1,Colectiva,1,0,0
"Piso en venta en Avenida das Camelias, cerca de Calle de Juan Ramón Jiménez",Vigo,280000,120,4.0,2.0,Desconocido,En buen estado,50,0,0,1,No especifica,1,1,0
Piso en venta en Campolongo,Pontevedra,160000,115,4.0,2.0,Primeros_pisos,En buen estado,100,1,1,0,Colectiva,0,1,0
Piso en venta en Fernández Ladreda-Ciudad de Piedra,Pontevedra,156000,115,3.0,2.0,Muchos_pisos,En buen estado,0,1,0,1,No especifica,0,1,1
Piso en venta en Calle del Alcalde Vázquez Varela,Vigo,679000,149,4.0,2.0,Muchos_pisos,En buen estado,0,1,0,1,Gas,1,1,1
Piso en venta en Carretera de la Lanzada,Sanxenxo,110000,62,1.0,1.0,Desconocido,En buen estado,0,1,0,1,No especifica,0,0,1
Piso en venta en Avenida de Médico Ballina,Pontevedra,120000,70,2.0,2.0,Bajo,En buen estado,0,1,0,1,No especifica,1,0,0
Piso en venta en Pumariño,Marín,150000,112,4.0,2.0,Muchos_pisos,En buen estado,0,1,1,1,Gas,1,1,0
Piso en venta en Calle de Ricardo Santos,Sanxenxo,240000,85,2.0,2.0,Desconocido,En buen estado,0,1,0,1,No especifica,0,0,1
Piso en venta en Poio,Poio,160000,94,3.0,3.0,Primeros_pisos,En buen estado,0,1,0,0,Gas,1,0,0
Piso en venta en Castrelos-Balaídos-Miñoca,Vigo,166000,111,3.0,2.0,Muchos_pisos,A reformar,0,0,0,1,No especifica,1,1,0
Piso en venta en Avenida de Santo Domingo de Guzmán,Guarda,126000,91,3.0,2.0,Primeros_pisos,En buen estado,40,1,0,1,Colectiva,1,0,0
Piso en venta en O Hio (Santo Andre),Cangas,165000,80,2.0,1.0,Primeros_pisos,En buen estado,50,1,0,1,Electrica,1,0,1
Piso en venta en Avda de Lugo,Pontevedra,160000,102,3.0,2.0,Muchos_pisos,En buen estado,70,1,0,1,Colectiva,1,1,0
Piso en venta en Sanxenxo Playa,Sanxenxo,330000,93,3.0,2.0,Muchos_pisos,En buen estado,0,1,0,0,No especifica,0,1,0
Piso en venta en Aragón-Travesía,Vigo,220000,82,3.0,2.0,Muchos_pisos,En buen estado,42,1,0,1,Electrica,0,0,1
Piso en venta en Centro,Vilagarcía,214000,103,3.0,2.0,Primeros_pisos,En buen estado,0,1,0,0,Gas,0,1,0
Piso en venta en Calle de La Coruña,Salceda,126500,93,3.0,2.0,Primeros_pisos,En buen estado,0,1,1,1,Electrica,1,0,0
Apartamento en venta en Calle Carretera Codeseda A -Campo,Lameiro,65000,78,2.0,1.0,Desconocido,En buen estado,0,0,0,0,No especifica,0,0,1
"Piso en venta en Calle La Cal, cerca de Calle Concepción Arenal",Guarda,125000,93,3.0,2.0,Muchos_pisos,En buen estado,0,1,1,0,Colectiva,1,0,0
Piso en venta en Calle Profesor Hermida,Sanxenxo,350000,112,2.0,2.0,Desconocido,En buen estado,0,1,0,1,No especifica,0,1,1
Piso en venta en Benito Corbal,Pontevedra,305000,116,3.0,2.0,Muchos_pisos,En buen estado,0,1,0,1,Gas,1,0,0
Piso en venta en Centro - Echegaray,Pontevedra,245000,136,4.0,2.0,Muchos_pisos,En buen estado,0,1,0,1,Electrica,0,0,1
"Piso en venta en Avenida de Ramón Nieto, 503, cerca de Calle de Penis",Vigo,119000,77,1.0,2.0,Primeros_pisos,En buen estado,0,1,0,1,Gas,0,0,1
Piso en venta en Centro,Pontevedra,240000,94,3.0,2.0,Muchos_pisos,En buen estado,70,1,1,1,Gas,1,0,0
Piso en venta en Teis,Vigo,140000,135,3.0,1.0,Primeros_pisos,En buen estado,40,1,0,0,Gas,0,0,0
Piso en venta en Sanxenxo,Sanxenxo,225000,100,3.0,2.0,Desconocido,En buen estado,0,1,0,0,No especifica,0,1,1
Piso en venta en Calle de las Viñas,Poio,159000,79,2.0,2.0,Desconocido,En buen estado,50,1,0,1,Gas,1,0,0
Piso en venta en Calle de Paulino Freire,Vigo,450000,165,5.0,3.0,Primeros_pisos,En buen estado,0,1,1,1,Gas,1,0,0
Piso en venta en Tui,Tui,120000,92,3.0,2.0,Primeros_pisos,En buen estado,0,0,1,0,Gas,0,0,0
"Piso en venta en Calle Nueva del Couso, 12",Rosal,85000,101,3.0,2.0,Desconocido,En buen estado,30,1,0,0,No especifica,1,1,0
Piso en venta en Chapela (San Fausto),Redondela,125000,104,3.0,2.0,Primeros_pisos,En buen estado,0,1,1,0,Colectiva,0,0,0
"Piso en venta en Calle de Rosalía de Castro, cerca de Avenida de Manuel del Palacio",Pontevedra,375000,180,4.0,2.0,Primeros_pisos,En buen estado,0,1,0,0,Gas,1,0,0
Apartamento en venta en Salceda de Caselas,Salceda,105000,70,2.0,2.0,Primeros_pisos,En buen estado,45,1,0,0,Electrica,1,0,0
Piso en venta en Plaza Maior,Ponteareas,120000,100,3.0,2.0,Primeros_pisos,En buen estado,50,1,1,1,Gas,1,0,0
Piso en venta en Vilagarcía de Arousa,Vilagarcía,128000,117,4.0,2.0,Muchos_pisos,En buen estado,0,1,0,0,No especifica,0,0,0
Piso en venta en Villagarcía de Arousa,Vilagarcía,150000,113,4.0,2.0,Primeros_pisos,En buen estado,0,1,1,1,Colectiva,1,0,0
Piso en venta en Avenida de Luis Rocafort,Sanxenxo,145000,51,1.0,1.0,Muchos_pisos,En buen estado,0,1,0,1,Electrica,1,0,0
Piso en venta en A Guarda,Guarda,85000,68,3.0,1.0,Primeros_pisos,En buen estado,0,0,0,0,No especifica,1,0,0
Piso en venta en Rúa de Abeleira Menéndez,Vigo,260000,114,3.0,1.0,Muchos_pisos,A reformar,0,0,1,0,Gas,0,0,1
Piso en venta en Calle de Rodrigo de Mendoza,Vilagarcía,140000,142,3.0,2.0,Muchos_pisos,En buen estado,50,0,1,1,No especifica,1,0,0
Piso en venta en Calle de Concepción Arenal,Cangas,220000,74,2.0,2.0,Desconocido,En buen estado,0,0,0,1,No especifica,1,1,0
"Piso en venta en Avenida de Médico Ballina, 37",Pontevedra,126000,65,2.0,1.0,Desconocido,En buen estado,0,0,0,1,No especifica,1,0,0
Piso en venta en Núcleo Urbano,Cangas,170000,90,3.0,2.0,Desconocido,En buen estado,0,0,0,1,No especifica,1,0,0
Piso en venta en Vilagarcía de Arousa,Vilagarcía,155000,100,3.0,2.0,Muchos_pisos,En buen estado,0,1,1,1,Colectiva,0,0,0
Apartamento en venta en Loureiro Crespo,Pontevedra,165000,78,2.0,2.0,Primeros_pisos,En buen estado,0,1,1,0,Gas,1,0,0
Piso en venta en Paseo de la Praia de Silgar,Sanxenxo,444000,90,3.0,2.0,Desconocido,En buen estado,0,1,0,1,No especifica,0,1,0
Piso en venta en Sanxenxo Playa,Sanxenxo,240000,66,2.0,2.0,Muchos_pisos,En buen estado,0,1,0,1,No especifica,0,1,1
Piso en venta en Teis,Vigo,165000,81,2.0,1.0,Muchos_pisos,En buen estado,20,1,0,0,Gas,1,0,0
Piso en venta en Hospital,Pontevedra,160000,98,3.0,2.0,Muchos_pisos,En buen estado,0,0,0,1,Electrica,0,0,0
Apartamento en venta en Calle de San Mauro,Pontevedra,140000,51,2.0,1.0,Muchos_pisos,En buen estado,36,1,0,1,Gas,1,0,0
Piso en venta en Calle de Policarpo Sanz,Vigo,350000,75,3.0,2.0,Desconocido,En buen estado,0,0,0,0,No especifica,0,0,0
Piso en venta en Calle Avenida Xosé María Castroviejo,Cangas,245000,101,3.0,2.0,Desconocido,En buen estado,0,0,0,1,No especifica,1,1,0
"Piso en venta en Calle de Gerardo Campos Ramos, 8",Vigo,115000,90,3.0,1.0,Muchos_pisos,En buen estado,0,1,0,0,Electrica,0,0,0
"Piso en venta en Paseo de la Praia de Silgar, cerca de Calle Camelios",Sanxenxo,235000,70,2.0,2.0,Desconocido,En buen estado,0,1,0,1,No especifica,0,1,1
Piso en venta en Coia,Vigo,175000,75,3.0,2.0,Muchos_pisos,En buen estado,90,1,1,1,Gas,0,0,0
Piso en venta en Centro,Salceda,115000,90,3.0,2.0,Primeros_pisos,En buen estado,0,1,1,1,Electrica,1,0,1
Piso en venta en Plaza de Galicia,Pontevedra,165000,65,2.0,1.0,Muchos_pisos,En buen estado,0,1,0,1,Gas,0,0,1
Piso en venta en Calle del Arenal,Vigo,237000,80,2.0,1.0,Muchos_pisos,En buen estado,0,1,1,1,No especifica,0,0,1
"Piso en venta en Avenida del Covelo, 13",Covelo,250000,95,3.0,2.0,Desconocido,En buen estado,0,0,0,0,Gas,1,0,0
Piso en venta en A Guarda,Guarda,89000,98,3.0,2.0,Bajo,En buen estado,0,0,0,0,No especifica,0,0,1
Piso en venta en Tui,Tui,120000,130,4.0,2.0,Primeros_pisos,En buen estado,0,0,1,0,Gas,0,0,1
"Piso en venta en Calle de Madrid, 18",Sanxenxo,360000,86,2.0,2.0,Muchos_pisos,En buen estado,0,1,1,0,No especifica,1,0,0
Piso en venta en Calle Avenida Xosé María Castroviejo,Cangas,195000,87,2.0,2.0,Desconocido,En buen estado,0,0,0,1,No especifica,1,1,0
Piso en venta en Adina (Santa María),Sanxenxo,175000,60,2.0,1.0,Desconocido,En buen estado,0,1,0,0,No especifica,0,0,0
Piso en venta en O Castro,Vigo,264000,143,4.0,2.0,Desconocido,En buen estado,0,0,0,1,No especifica,1,1,0
Piso en venta en Teis,Vigo,165000,82,2.0,1.0,Muchos_pisos,En buen estado,30,0,0,0,No especifica,1,0,0
Piso en venta en Chapela,Redondela,131000,64,2.0,1.0,Desconocido,En buen estado,0,1,0,1,Electrica,0,0,0
"Piso en venta en Avenida de la Gran Vía, cerca de Calle de Zamora",Vigo,399000,200,7.0,4.0,Muchos_pisos,A estrenar,70,1,0,1,Gas,1,1,0
Piso en venta en Núcleo Urbano,Cangas,185000,87,2.0,2.0,Desconocido,En buen estado,0,0,0,1,No especifica,1,1,0
"Piso en venta en Avenida de Eduardo Pondal, 50",Pontevedra,250000,100,3.0,2.0,Desconocido,En buen estado,70,0,0,1,No especifica,1,0,0
Piso en venta en Calle de Perfecto Feijóo,Pontevedra,85000,124,3.0,1.0,Desconocido,En buen estado,0,0,0,0,No especifica,0,0,0
Piso en venta en Salceda de Caselas,Salceda,105000,61,2.0,2.0,Primeros_pisos,En buen estado,44,1,0,0,Electrica,1,0,0
Piso en venta en Centro - Echegaray,Pontevedra,215000,125,4.0,3.0,Primeros_pisos,En buen estado,15,1,0,1,Colectiva,0,0,0
Piso en venta en O Hío,Cangas,155000,53,2.0,1.0,Desconocido,En buen estado,0,1,0,0,No especifica,1,1,0
"Piso en venta en Avenida de Benito Vigo, cerca de Calle de Serafín Pazo",Estrada,240000,161,3.0,2.0,Primeros_pisos,A estrenar,50,1,0,1,Gas,1,0,0
Piso en venta en La Seca - los Salgueriños,Pontevedra,99000,109,3.0,2.0,Bajo,En buen estado,0,0,1,0,No especifica,0,0,0
Piso en venta en Calle Avenida Xosé María Castroviejo,Cangas,235000,101,3.0,2.0,Desconocido,En buen estado,0,0,0,1,No especifica,1,1,0
Piso en venta en Fernández Ladreda-Ciudad de Piedra,Pontevedra,180000,85,2.0,1.0,Primeros_pisos,En buen estado,0,1,0,1,No especifica,1,0,0
Piso en venta en Salceda de Caselas,Salceda,119500,93,3.0,2.0,Primeros_pisos,En buen estado,58,1,0,0,Electrica,1,0,0
Piso en venta en Arenal-Centro,Vigo,165000,101,3.0,2.0,Muchos_pisos,En buen estado,40,1,0,0,Electrica,1,0,0
"Piso en venta en Camino Deputación-O Rosal, nº 10",Rosal,100000,88,2.0,2.0,Primeros_pisos,En buen estado,0,1,1,1,No especifica,1,0,0
Piso en venta en Calle de Ecuador,Vigo,380000,116,3.0,2.0,Muchos_pisos,En buen estado,0,1,0,1,Gas,0,0,0
Piso en venta en Hospital Provincial,Pontevedra,145000,85,3.0,1.0,Primeros_pisos,En buen estado,0,1,0,0,Gas,0,0,0
Piso en venta en Calle de Elio Antonio de Nebrija,Vigo,225000,106,4.0,2.0,Muchos_pisos,En buen estado,85,1,0,1,Colectiva,1,0,0
Piso en venta en Salvaterra de Miño,Salvaterra,150000,109,3.0,2.0,Muchos_pisos,A estrenar,0,1,0,1,Gas,1,0,1
Piso en venta en Calle del Doctor Cadaval,Vigo,150000,88,2.0,2.0,Muchos_pisos,A reformar,58,0,0,1,No especifica,0,0,0
"Piso en venta en Avenida de la Gran Vía, cerca de Calle de Paraguay",Vigo,320000,134,4.0,2.0,Desconocido,En buen estado,100,0,0,0,Gas,1,1,0
Piso en venta en Calle del Consistorio,Sanxenxo,285000,97,2.0,2.0,Desconocido,En buen estado,0,1,0,1,No especifica,0,0,0
Apartamento en venta en A Cañiza,Cañiza,435000,97,2.0,1.0,Desconocido,En buen estado,100,1,0,0,No especifica,0,1,0
Piso en venta en Calle Xeral,Silleda,50000,188,4.0,2.0,Desconocido,En buen estado,0,1,0,0,No especifica,0,0,0
Piso en venta en Avenida Recinto Ferial,Silleda,32000,114,3.0,2.0,Desconocido,En buen estado,0,0,0,0,No especifica,0,0,0
"Piso en venta en Rúa Cordón, 11",Pontevedra,185000,110,3.0,2.0,Muchos_pisos,En buen estado,0,0,1,1,Gas,0,0,1
Piso en venta en Calle del Progreso,Cañiza,49000,118,2.0,1.0,Desconocido,En buen estado,0,0,0,0,No especifica,0,0,0
Piso en venta en Avenida del Marqués de Valterra,Pontevedra,90000,100,3.0,2.0,Muchos_pisos,En buen estado,0,1,0,1,No especifica,0,0,0
Piso en venta en Las Pistas,Vilagarcía,275000,100,3.0,2.0,Bajo,En buen estado,70,1,0,1,No especifica,0,1,1
Piso en venta en Campo da Torre-Mollabao,Pontevedra,165000,90,3.0,2.0,Muchos_pisos,A reformar,0,0,1,0,Colectiva,1,0,0
Piso en venta en Caldas de Reis,Caldas,135000,108,3.0,2.0,Primeros_pisos,En buen estado,0,1,1,1,Electrica,1,0,0
Piso en venta en Calle de Antonio Palacios,Porriño,160000,110,3.0,2.0,Muchos_pisos,En buen estado,0,1,0,1,Gas,1,0,0
"Apartamento en venta en Calle de Tomás Alonso, 4, cerca de Calle de Pi i Margall",Vigo,218000,80,2.0,2.0,Primeros_pisos,En buen estado,35,1,1,1,Gas,1,0,1
Piso en venta en Núcleo Urbano,Cangas,165000,110,3.0,2.0,Desconocido,En buen estado,50,1,0,1,No especifica,1,1,0
"Piso en venta en Travesía de Vigo, cerca de Calle Pino",Vigo,168000,80,3.0,1.0,Muchos_pisos,A reformar,30,1,1,1,No especifica,0,0,0
"Piso en venta en Calle La Cal, 4, cerca de Calle Concepción Arenal",Guarda,106000,60,3.0,1.0,Desconocido,En buen estado,0,1,0,1,Colectiva,1,1,0
Piso en venta en Centro,Salceda,115000,90,3.0,2.0,Primeros_pisos,En buen estado,0,1,1,1,Electrica,1,0,1
"Piso en venta en Avenida de las Chancelas, 4, cerca de Calle de la Costa de Abaixo",Poio,200000,83,2.0,2.0,Desconocido,En buen estado,30,0,0,1,No especifica,1,1,0
Piso en venta en Calle del Alcalde Vázquez Varela,Vigo,215000,68,2.0,2.0,Primeros_pisos,En buen estado,0,1,0,1,Gas,0,0,0
Piso en venta en Vilagarcía de Arousa,Vilagarcía,129000,125,3.0,2.0,Primeros_pisos,Reformado,0,0,1,0,Electrica,0,0,0
Piso en venta en Praza España-Zona Corte Inglés,Vigo,275000,104,3.0,2.0,Primeros_pisos,Reformado,0,0,0,1,No especifica,0,1,0
Piso en venta en Calle Ponte Nova (Da),Pontevedra,92000,82,3.0,1.0,Bajo,En buen estado,0,1,0,0,No especifica,0,0,0
Piso en venta en Fexdega,Vilagarcía,125000,79,2.0,1.0,Primeros_pisos,En buen estado,0,1,0,1,Electrica,1,0,0
Piso en venta en Ramon Nieto,Vigo,125000,63,1.0,1.0,Bajo,En buen estado,0,1,0,0,No especifica,0,0,1
Piso en venta en Magdalena,Cangas,99000,85,2.0,1.0,Desconocido,En buen estado,0,1,0,0,Electrica,1,0,0
Piso en venta en Cangas,Cangas,110000,70,2.0,1.0,Desconocido,En buen estado,0,1,0,1,No especifica,1,1,0
Piso en venta en Arenal-Centro,Vigo,149000,90,3.0,2.0,Desconocido,A reformar,60,0,0,1,No especifica,0,0,0
Piso en venta en Calle del Doctor Canoa,Vigo,170000,85,3.0,2.0,Primeros_pisos,En buen estado,0,0,1,1,No especifica,1,1,0
Piso en venta en Rúa de Ignacio Grobas,Vigo,200000,95,3.0,2.0,Muchos_pisos,En buen estado,70,1,0,1,Gas,1,0,0
Piso en venta en Traviesas-Plaza Independencia,Vigo,235000,125,4.0,2.0,Primeros_pisos,En buen estado,60,1,0,0,Gas,1,1,1
Piso en venta en Rúa Fontoura,Salvaterra,124000,110,3.0,2.0,Primeros_pisos,A estrenar,0,1,0,1,Colectiva,1,0,0
Apartamento en venta en Campolongo,Pontevedra,175000,75,2.0,2.0,Primeros_pisos,En buen estado,0,1,0,0,Gas,1,0,0
"Piso en venta en Calle Manuel Suárez Marquier, 2",Rosal,101000,85,2.0,2.0,Desconocido,En buen estado,30,1,0,1,No especifica,1,0,0
Piso en venta en Calle Lamazanes,Ponteareas,95000,75,2.0,1.0,Muchos_pisos,A estrenar,30,1,0,0,Electrica,1,0,0
Piso en venta en Calle de Victoriano Pérez Vidal,Salceda,96000,70,2.0,1.0,Primeros_pisos,En buen estado,30,1,0,1,Electrica,1,0,0
"Piso en venta en Avenida de Eduardo Pondal, 50",Pontevedra,250000,110,3.0,2.0,Muchos_pisos,En buen estado,0,0,0,1,Gas,0,0,1
Piso en venta en Lavadores,Vigo,199000,100,3.0,2.0,Primeros_pisos,En buen estado,70,1,0,1,No especifica,1,0,0
"Piso en venta en Calle de Rosalía de Castro, 15, cerca de Calle de los Palamios",Pontevedra,299250,93,2.0,2.0,Desconocido,En buen estado,0,0,0,0,Gas,1,0,0
Piso en venta en Rúa Fontoura,Salvaterra,98000,86,2.0,2.0,Primeros_pisos,A estrenar,0,1,0,1,Colectiva,1,0,0
"Piso en venta en Avenida de María Victoria Moreno, 21",Pontevedra,175000,144,4.0,2.0,Primeros_pisos,En buen estado,0,1,1,1,Electrica,0,0,0
Piso en venta en Calle de Ricardo Santos,Sanxenxo,260000,79,2.0,2.0,Desconocido,En buen estado,0,1,0,1,No especifica,0,1,1
Piso en venta en A Guarda,Guarda,110000,95,2.0,2.0,Primeros_pisos,En buen estado,30,1,0,1,Gas,0,0,0
Piso en venta en Sanguiñeda (Santa Maria),Mos,150000,97,3.0,2.0,Primeros_pisos,En buen estado,46,1,0,1,Gas,1,0,0
Piso en venta en Calle Puente,Lalín,259000,272,4.0,3.0,Muchos_pisos,A estrenar,0,1,0,1,Gas,1,1,1
Piso en venta en Las Carolinas,Vilagarcía,165000,90,3.0,2.0,Muchos_pisos,En buen estado,70,1,0,1,Gas,1,0,0
"Piso en venta en Calle de Concepción Arenal, 3",Caldelas,110000,100,3.0,2.0,Muchos_pisos,En buen estado,0,1,1,0,Gas,0,0,1
Piso en venta en Cangas,Cangas,220000,74,2.0,2.0,Desconocido,A estrenar,0,0,0,1,No especifica,1,1,0
Piso en venta en A Estrada,Estrada,47500,83,2.0,1.0,Desconocido,En buen estado,0,0,0,0,No especifica,0,1,0
Piso en venta en Vilagarcía de Arousa,Vilagarcía,150000,100,3.0,2.0,Muchos_pisos,En buen estado,0,1,1,1,Gas,0,0,0
Piso en venta en Centro-Areal,Vigo,255000,90,3.0,2.0,Muchos_pisos,En buen estado,100,1,0,1,Colectiva,1,1,0
Piso en venta en Centro Urbano,Vigo,195000,95,3.0,2.0,Bajo,En buen estado,0,0,0,0,No especifica,1,0,0
Piso en venta en Sanxenxo,Sanxenxo,170000,105,3.0,2.0,Primeros_pisos,En buen estado,0,1,1,1,No especifica,1,1,0
Piso en venta en O Grove (Resto Parroquia),Grove,163000,155,4.0,3.0,Desconocido,En buen estado,0,1,0,1,No especifica,0,1,0
Piso en venta en Calle Avenida Xosé María Castroviejo,Cangas,245000,100,3.0,2.0,Desconocido,En buen estado,0,0,0,1,No especifica,1,1,0
Piso en venta en Calle de Madrid,Sanxenxo,360000,107,2.0,2.0,Desconocido,En buen estado,0,1,0,1,No especifica,0,0,0
Piso en venta en Calle de Castelao,Sanxenxo,167000,40,1.0,1.0,Desconocido,En buen estado,0,1,0,1,No especifica,0,1,1
Piso en venta en Castrelos-Balaídos-Miñoca,Vigo,165000,78,2.0,2.0,Primeros_pisos,En buen estado,0,1,0,1,No especifica,0,0,0
Piso en venta en Tui,Tui,180000,110,3.0,2.0,Muchos_pisos,A estrenar,0,1,0,1,Electrica,1,1,0
Piso en venta en Teis,Vigo,110000,88,3.0,1.0,Bajo,En buen estado,0,1,0,0,No especifica,0,0,0
Piso en venta en Calle del Consistorio,Sanxenxo,210000,85,2.0,2.0,Desconocido,En buen estado,0,1,0,1,No especifica,0,0,1
Piso en venta en Cangas,Cangas,165000,65,2.0,2.0,Desconocido,En buen estado,0,1,0,1,No especifica,1,0,0
Piso en venta en Calle de Rodríguez Seoane,Pontevedra,189000,93,3.0,2.0,Muchos_pisos,En buen estado,0,1,0,1,Colectiva,1,0,0
Piso en venta en Teis,Vigo,149000,80,3.0,1.0,Primeros_pisos,En buen estado,0,1,0,0,No especifica,0,0,0
Piso en venta en Vía Norte,Vigo,280000,128,4.0,2.0,Muchos_pisos,En buen estado,160,1,0,1,No especifica,0,0,0
Piso en venta en Calle Centro,Salceda,98000,86,2.0,2.0,Primeros_pisos,En buen estado,50,1,0,1,Gas,1,1,1
"Piso en venta en Avenida de Conde de Bugallal, cerca de Calle del Pintor Laxeiro",Pontevedra,290000,132,4.0,2.0,Primeros_pisos,En buen estado,70,1,0,1,Gas,1,0,0
Piso en venta en A Seca-Os Salgueriños,Pontevedra,179000,103,2.0,2.0,Primeros_pisos,En buen estado,0,1,0,1,Gas,0,1,1
Piso en venta en Centro,Pontevedra,285000,175,4.0,2.0,Primeros_pisos,En buen estado,0,1,0,0,Gas,0,0,0
"Piso en venta en Calle Aragón, cerca de Travesía Rosais",Vigo,195000,96,2.0,2.0,Muchos_pisos,En buen estado,56,1,0,0,Gas,1,0,0
Piso en venta en Sanxenxo,Sanxenxo,360000,110,3.0,2.0,Desconocido,En buen estado,100,1,0,0,No especifica,1,1,1
Piso en venta en Centro Urbano,Vigo,139000,80,2.0,1.0,Primeros_pisos,En buen estado,70,0,0,1,No especifica,0,1,1
Piso en venta en Traviesas-Plaza Independencia,Vigo,170000,95,4.0,2.0,Desconocido,A reformar,50,0,1,1,No especifica,0,0,1
Piso en venta en Calle del Gavilán,Ponteareas,97000,74,2.0,1.0,Primeros_pisos,En buen estado,0,1,0,0,Electrica,1,1,0
Apartamento en venta en Poio,Poio,158000,65,2.0,2.0,Primeros_pisos,En buen estado,47,1,0,1,Gas,1,0,0
Piso en venta en Beluso (Santa María),Bueu,116000,95,3.0,2.0,Desconocido,En buen estado,0,1,0,0,No especifica,0,0,0
Piso en venta en Calle de Ricardo Santos,Sanxenxo,250000,76,2.0,2.0,Desconocido,En buen estado,0,1,0,1,No especifica,0,0,1
"Piso en venta en Calle de Benito Corbal, 24",Pontevedra,290000,120,4.0,2.0,Desconocido,En buen estado,70,0,0,1,Colectiva,1,1,0
Piso en venta en Rúa Fontoura,Salvaterra,98000,86,2.0,2.0,Primeros_pisos,A estrenar,0,1,0,1,Colectiva,1,0,0
Piso en venta en Praza España-Zona Corte Inglés,Vigo,255000,94,3.0,2.0,Muchos_pisos,En buen estado,0,1,0,1,No especifica,1,0,0
Piso en venta en Calle de Oliveira,Poio,125000,75,2.0,1.0,Primeros_pisos,En buen estado,50,1,0,0,No especifica,1,0,0
Piso en venta en Centro-Areal,Vigo,295000,100,3.0,2.0,Muchos_pisos,En buen estado,100,1,1,1,Colectiva,1,0,0
Piso en venta en Teis,Vigo,195000,90,3.0,2.0,Primeros_pisos,A reformar,0,0,0,1,No especifica,1,0,0
Piso en venta en Castrelos-Balaídos-Miñoca,Vigo,179000,81,2.0,2.0,Muchos_pisos,En buen estado,60,1,0,1,Gas,0,0,0
Piso en venta en Avenida de Vigo,Pontevedra,180000,110,4.0,2.0,Primeros_pisos,Reformado,50,0,1,1,No especifica,0,0,1
Piso en venta en Mos,Mos,119900,88,3.0,1.0,Primeros_pisos,En buen estado,40,1,1,0,Gas,0,0,1
Piso en venta en Camino de la Coteiros,Marín,38900,92,3.0,1.0,Desconocido,En buen estado,0,0,0,0,No especifica,0,0,0
Piso en venta en Calle de Iglesias Vilarelle,Pontevedra,205000,120,4.0,2.0,Primeros_pisos,En buen estado,70,1,1,1,Gas,0,0,1
Piso en venta en Vilagarcía de Arousa,Vilagarcía,130000,132,4.0,2.0,Primeros_pisos,En buen estado,15,0,1,0,Gas,1,0,0
Piso en venta en Calle Camelias - Plaza 8 de Marzo,Vigo,150000,51,2.0,1.0,Desconocido,A reformar,0,1,0,0,Electrica,0,0,0
Apartamento en venta en O Burgo,Pontevedra,126000,60,2.0,1.0,Primeros_pisos,En buen estado,0,1,0,0,Gas,1,0,0
Piso en venta en Calle de Rosalía de Castro,Salvaterra,115000,70,2.0,2.0,Bajo,En buen estado,30,1,0,1,Electrica,1,1,0
Piso en venta en Aldan (San Cibrán),Cangas,150000,65,2.0,1.0,Primeros_pisos,A estrenar,70,1,1,1,Gas,1,0,1
"Piso en venta en Avenida de Balaidos, cerca de Camino de Espedrigada",Vigo,165000,120,3.0,2.0,Muchos_pisos,En buen estado,50,0,0,1,Electrica,1,0,0
Piso en venta en Sanxenxo,Sanxenxo,148000,90,3.0,2.0,Desconocido,En buen estado,0,1,0,0,No especifica,0,1,0
Piso en venta en Calle Manuel Suárez Marquier,Rosal,97000,60,2.0,1.0,Muchos_pisos,En buen estado,0,1,0,1,Gas,1,1,0
Piso en venta en Calle Puente,Lalín,124000,95,3.0,2.0,Primeros_pisos,A estrenar,0,1,1,1,Gas,1,1,0
"Apartamento en venta en Calle de San Roque, cerca de Calle del Talude",Vigo,88000,45,1.0,1.0,Muchos_pisos,En buen estado,30,1,0,0,Electrica,0,1,0
"Piso en venta en Calle A Xunca Branca, 31A, Esc",Sanxenxo,85000,46,1.0,1.0,Desconocido,En buen estado,0,1,0,1,No especifica,0,0,1
"Piso en venta en Calle de Barcelona, cerca de Calle de Zamora",Vigo,182000,90,3.0,1.0,Primeros_pisos,A estrenar,70,1,0,1,No especifica,1,0,0
Piso en venta en Rúa do Magnolio,Ponteareas,105000,75,2.0,2.0,Muchos_pisos,En buen estado,0,1,0,1,No especifica,1,0,0
Piso en venta en Porriño (O),Porriño,100000,68,3.0,1.0,Primeros_pisos,En buen estado,50,1,1,1,No especifica,1,1,0
Piso en venta en Calle de Cobián Roffignac,Pontevedra,350000,220,5.0,3.0,Primeros_pisos,A reformar,0,1,0,1,Gas,0,0,0
Piso en venta en Raxó,Poio,200000,105,3.0,2.0,Primeros_pisos,En buen estado,0,1,1,1,Electrica,0,0,1
Piso en venta en Vilagarcía de Arousa,Vilagarcía,95000,135,4.0,2.0,Primeros_pisos,En buen estado,50,1,0,0,Gas,0,0,1
Piso en venta en Alameda,Pontevedra,490000,145,4.0,3.0,Muchos_pisos,En buen estado,220,1,0,1,Colectiva,1,0,1
Piso en venta en Calle Vía Norte,Vigo,154000,65,2.0,1.0,Primeros_pisos,En buen estado,50,1,0,1,Gas,0,0,0
Piso en venta en O Porriño,Porriño,145000,92,2.0,2.0,Primeros_pisos,En buen estado,0,1,0,1,No especifica,1,0,0
Piso en venta en Centro,Cangas,150000,77,2.0,2.0,Muchos_pisos,En buen estado,0,0,0,1,No especifica,1,0,0
Piso en venta en Zona Praza de Barcelos,Pontevedra,205000,135,4.0,2.0,Primeros_pisos,En buen estado,0,0,0,0,Gas,1,0,0
Piso en venta en A Cañiza,Cañiza,90000,97,3.0,1.0,Bajo,En buen estado,0,0,0,0,No especifica,1,0,0
"Apartamento en venta en Rúa Simón Bolívar, 1",Pontevedra,125000,84,2.0,1.0,Primeros_pisos,En buen estado,0,0,0,0,Electrica,0,0,0
Piso en venta en Avenida de Eduardo Pondal,Pontevedra,325000,180,4.0,3.0,Muchos_pisos,En buen estado,0,1,0,1,Gas,1,0,0
Piso en venta en Calle Leandro DIZ,Porriño,130000,80,2.0,2.0,Primeros_pisos,En buen estado,0,1,1,1,Gas,1,0,0
"Piso en venta en Calle Lugar Areas, nº 3 A",Sanxenxo,305000,85,3.0,2.0,Muchos_pisos,En buen estado,0,1,0,1,No especifica,1,1,0
Piso en venta en Avenida de Buenos Aires,Porriño,85000,90,4.0,1.0,Muchos_pisos,En buen estado,0,1,1,0,Gas,0,0,0
"Piso en venta en Calle de la Palma, 1",Cuntis,149000,159,4.0,2.0,Primeros_pisos,En buen estado,0,1,0,0,No especifica,0,0,1
Piso en venta en Calle Avenida Xosé María Castroviejo,Cangas,215000,93,2.0,2.0,Desconocido,A estrenar,0,0,0,1,No especifica,1,1,0
Piso en venta en Plaza Elíptica-O Castro,Vigo,460000,176,4.0,3.0,Muchos_pisos,En buen estado,0,1,1,0,Colectiva,1,0,0
Piso en venta en Castrelos,Vigo,160000,60,2.0,2.0,Bajo,En buen estado,0,1,1,0,No especifica,0,1,1
Piso en venta en Travesía de Vigo,Vigo,140000,100,3.0,2.0,Muchos_pisos,En buen estado,70,0,1,1,No especifica,0,0,0
Piso en venta en Traviesas-Plaza Independencia,Vigo,176000,78,2.0,1.0,Primeros_pisos,En buen estado,0,0,0,1,No especifica,0,0,0
Apartamento en venta en Fátima,Vigo,160000,55,2.0,2.0,Primeros_pisos,En buen estado,0,1,0,1,No especifica,0,0,0
Piso en venta en Calle Vía Norte,Vigo,154000,65,2.0,1.0,Primeros_pisos,En buen estado,50,1,0,1,Gas,0,0,0
Piso en venta en Vilagarcía de Arousa,Vilagarcía,130000,130,4.0,2.0,Primeros_pisos,En buen estado,59,0,1,1,Gas,0,0,0
Piso en venta en Calle Arra,Sanxenxo,115000,40,1.0,1.0,Desconocido,En buen estado,0,1,0,1,No especifica,0,1,0
Piso en venta en Salceda de Caselas,Salceda,134000,94,3.0,2.0,Primeros_pisos,En buen estado,45,1,0,0,Gas,1,0,0
Piso en venta en Poio (San Juan-Albar),Poio,185000,115,3.0,2.0,Desconocido,En buen estado,0,1,0,0,No especifica,0,1,0
Piso en venta en Herrería,Pontevedra,250000,132,4.0,2.0,Muchos_pisos,En buen estado,0,1,1,1,Colectiva,1,1,0
"Apartamento en venta en Avenida de la Florida, cerca de Calle de Ponte da Veiga",Vigo,80000,35,1.0,1.0,Bajo,En buen estado,15,1,0,0,No especifica,0,0,0
Piso en venta en Fernández Ladreda-Ciudad de Piedra,Pontevedra,240000,90,3.0,2.0,Muchos_pisos,En buen estado,0,1,0,1,Gas,1,0,0
Piso en venta en Marín (Escuela Naval Militar),Marín,102000,98,3.0,2.0,Muchos_pisos,En buen estado,0,0,0,0,No especifica,0,0,0
Apartamento en venta en Moaña,Moaña,150000,70,2.0,1.0,Primeros_pisos,En buen estado,0,1,0,1,Electrica,0,0,0
Piso en venta en Calle Sagasta,Pontevedra,450000,148,3.0,2.0,Desconocido,En buen estado,0,1,0,1,Gas,1,0,0
Piso en venta en Calle Lugar Lanzada,Sanxenxo,150000,75,2.0,1.0,Primeros_pisos,En buen estado,30,1,0,0,Electrica,1,1,0
Piso en venta en Tui,Tui,163000,82,2.0,1.0,Primeros_pisos,En buen estado,0,1,0,1,Gas,1,0,0
"Piso en venta en Avenida de Lugo, cerca de Calle de Faustino Santalices",Pontevedra,180000,90,2.0,2.0,Primeros_pisos,A estrenar,0,1,1,1,Gas,1,0,0
Piso en venta en Avenida de Montecelo,Pontevedra,151000,293,3.0,2.0,Bajo,A reformar,0,0,0,0,No especifica,1,1,0
Piso en venta en Rúa Ramon Cabanillas,Meis,150000,68,2.0,2.0,Desconocido,En buen estado,0,1,0,1,No especifica,0,0,1
Piso en venta en Sanxenxo,Sanxenxo,500000,133,3.0,2.0,Desconocido,En buen estado,0,1,0,1,No especifica,0,1,1
Piso en venta en Eduardo Pondal,Pontevedra,295000,118,3.0,2.0,Muchos_pisos,En buen estado,0,1,0,1,Gas,0,1,0
Piso en venta en Calle Arquiteto de La Sota,Pontevedra,325000,150,4.0,3.0,Primeros_pisos,En buen estado,0,1,0,0,Gas,1,0,0
"Piso en venta en Calle de Tomás Paredes, 116, cerca de Avenida de Castelao",Vigo,99900,104,3.0,2.0,Muchos_pisos,A reformar,0,1,0,0,No especifica,0,1,1
Piso en venta en Calle Aragón,Vigo,87000,51,2.0,1.0,Primeros_pisos,En buen estado,30,0,0,0,No especifica,0,0,0
Piso en venta en Calle de la Cruz Gallastegui,Pontevedra,275000,130,4.0,2.0,Desconocido,En buen estado,90,1,0,1,No especifica,1,0,1
Piso en venta en Avenida de Castelao,Ponteareas,145000,100,3.0,2.0,Muchos_pisos,A estrenar,50,1,0,1,Gas,1,1,0
Piso en venta en Castrelos-Balaídos-Miñoca,Vigo,170000,61,2.0,1.0,Primeros_pisos,En buen estado,0,1,0,1,No especifica,1,0,0
"Piso en venta en Calle de Urzáiz, 109, cerca de Calle de Pizarro",Vigo,95000,80,3.0,1.0,Muchos_pisos,A reformar,0,0,1,0,No especifica,0,1,0
Apartamento en venta en Calle Rosalía de Castro,Poio,148000,77,2.0,2.0,Muchos_pisos,En buen estado,0,1,0,1,Gas,1,0,0
Piso en venta en Calle de los Maestros,Ponteareas,110000,110,3.0,2.0,Muchos_pisos,En buen estado,0,1,0,1,Gas,1,0,0
Apartamento en venta en Calle de Gerona,Vigo,180000,100,2.0,1.0,Muchos_pisos,En buen estado,0,0,0,1,No especifica,1,1,0
Piso en venta en Rúa Fontoura,Salvaterra,127000,110,3.0,2.0,Primeros_pisos,A estrenar,0,1,0,1,Colectiva,1,0,0
Piso en venta en Fátima-Travesía de Vigo-San Xoán,Vigo,280000,126,4.0,2.0,Muchos_pisos,En buen estado,0,1,1,1,No especifica,0,0,0
"Piso en venta en Calle de San Roque, 5, cerca de Baixada de San Roque",Vigo,242000,97,2.0,2.0,Muchos_pisos,A estrenar,0,1,0,1,Renovable,0,1,0
Piso en venta en Rúa Nova,Cambados,140000,111,3.0,2.0,Primeros_pisos,En buen estado,0,1,0,1,No especifica,0,0,0
Piso en venta en Calle de la Estrada,Marín,100000,90,4.0,2.0,Primeros_pisos,En buen estado,0,0,0,1,Gas,0,0,1
Piso en venta en Adina (Santa María),Sanxenxo,200000,140,4.0,2.0,Desconocido,En buen estado,0,1,0,1,No especifica,0,1,0
"Piso en venta en Calle Manuel Suárez Marquier, 1",Rosal,96000,85,2.0,2.0,Primeros_pisos,En buen estado,0,1,0,1,Colectiva,1,0,0
Piso en venta en Calle de Paraguay,Vigo,142500,73,2.0,2.0,Muchos_pisos,En buen estado,70,1,0,0,No especifica,0,0,0
Piso en venta en Carretera de la Circunvalación,Guarda,89000,98,3.0,2.0,Primeros_pisos,En buen estado,50,0,0,0,Gas,0,0,1
Piso en venta en Arenal-Centro,Vigo,395000,100,3.0,2.0,Muchos_pisos,A estrenar,0,1,0,1,Renovable,1,0,0
Piso en venta en Calle del Xogo de la Ola,Porriño,159000,110,3.0,2.0,Primeros_pisos,En buen estado,0,1,1,1,Gas,1,0,0
Piso en venta en Casablanca-Corte Inglés,Vigo,290000,87,2.0,2.0,Primeros_pisos,En buen estado,0,1,1,1,Renovable,0,1,1
Piso en venta en Calle de Rosalía de Castro,Salvaterra,117000,78,2.0,2.0,Primeros_pisos,A estrenar,0,0,0,0,No especifica,1,0,1
Piso en venta en A Guarda,Guarda,210000,157,3.0,2.0,Primeros_pisos,En buen estado,100,1,1,1,Colectiva,1,0,0
Piso en venta en Calle de Julio Sesto,Rosal,106000,91,3.0,2.0,Desconocido,En buen estado,50,1,1,1,No especifica,0,0,1
Piso en venta en Calle de Jesús Fernández,Vigo,135000,87,2.0,1.0,Muchos_pisos,En buen estado,0,0,0,1,No especifica,0,0,1
Piso en venta en Vilagarcía de Arousa,Vilagarcía,145000,133,3.0,2.0,Primeros_pisos,En buen estado,0,1,0,1,Electrica,1,1,0
"Piso en venta en Calle de Zaragoza, 44",Vigo,245000,95,2.0,2.0,Primeros_pisos,En buen estado,0,1,0,1,Gas,1,0,0
Piso en venta en Ribadumia,Ribadumia,87000,83,3.0,2.0,Primeros_pisos,En buen estado,0,1,0,0,No especifica,0,1,1
Piso en venta en Calle Isidoro Enes,Mondariz-Balneario,88000,95,3.0,2.0,Primeros_pisos,En buen estado,0,1,0,1,Electrica,1,0,0
"Piso en venta en Calle de Tomás Paredes, cerca de Calle de la Pardaíña",Vigo,99900,89,3.0,2.0,Muchos_pisos,A reformar,0,1,1,0,No especifica,0,1,0
"Piso en venta en Avenida Doctor Otero Ulloa, nº 145",Marín,128200,157,2.0,2.0,Primeros_pisos,En buen estado,0,1,0,1,Electrica,1,1,1
"Piso en venta en Avenida del Outeiro, 26",Poio,90750,50,1.0,1.0,Muchos_pisos,En buen estado,0,1,0,1,No especifica,1,1,0
Piso en venta en Rúa de Lugo,Salceda,106320,97,2.0,2.0,Primeros_pisos,En buen estado,0,1,0,0,No especifica,1,0,0
Piso en venta en Travesia de Vigo,Vigo,163000,115,4.0,2.0,Bajo,En buen estado,0,1,0,1,No especifica,0,1,1
Piso en venta en Lavadores,Vigo,230000,158,3.0,2.0,Primeros_pisos,En buen estado,70,1,1,1,No especifica,1,1,0
Piso en venta en El Real,Moaña,140000,110,4.0,2.0,Muchos_pisos,En buen estado,0,1,0,1,No especifica,0,0,0
Apartamento en venta en Circunvalación de Pontevedra,Pontevedra,160000,89,2.0,2.0,Primeros_pisos,En buen estado,0,0,0,0,No especifica,0,0,0
Piso en venta en Aragón-Travesía,Vigo,225000,104,3.0,2.0,Muchos_pisos,En buen estado,0,0,0,0,No especifica,1,0,1
Piso en venta en Travesia de Vigo,Vigo,165000,116,3.0,1.0,Bajo,En buen estado,15,0,1,1,No especifica,0,0,0
Piso en venta en Calle Ramos Peinador,Mondariz-Balneario,89000,88,2.0,4.0,Primeros_pisos,En buen estado,50,1,0,1,Gas,1,0,0
